#
# TABLE STRUCTURE FOR: communities
#

DROP TABLE IF EXISTS `communities`;

CREATE TABLE `communities` (
  `id` int(10) unsigned NOT NULL AUTO_INCREMENT,
  `name` varchar(150) COLLATE utf8_unicode_ci NOT NULL,
  `created_at` datetime DEFAULT current_timestamp(),
  `updated_at` datetime DEFAULT current_timestamp() ON UPDATE current_timestamp(),
  PRIMARY KEY (`id`),
  UNIQUE KEY `name` (`name`)
) ENGINE=InnoDB AUTO_INCREMENT=51 DEFAULT CHARSET=utf8 COLLATE=utf8_unicode_ci;

INSERT INTO `communities` (`id`, `name`, `created_at`, `updated_at`) VALUES (1, 'enim', '2016-05-13 22:35:56', '2000-06-21 06:16:23');
INSERT INTO `communities` (`id`, `name`, `created_at`, `updated_at`) VALUES (2, 'ipsam', '2003-06-28 07:49:03', '1998-07-11 22:11:51');
INSERT INTO `communities` (`id`, `name`, `created_at`, `updated_at`) VALUES (3, 'suscipit', '2014-11-02 04:38:33', '2017-08-02 10:10:41');
INSERT INTO `communities` (`id`, `name`, `created_at`, `updated_at`) VALUES (4, 'non', '2002-01-08 08:10:09', '1987-06-24 07:28:08');
INSERT INTO `communities` (`id`, `name`, `created_at`, `updated_at`) VALUES (5, 'sunt', '2000-01-11 09:54:00', '2008-12-05 16:42:48');
INSERT INTO `communities` (`id`, `name`, `created_at`, `updated_at`) VALUES (6, 'nihil', '1984-06-30 06:35:24', '2016-11-11 04:47:00');
INSERT INTO `communities` (`id`, `name`, `created_at`, `updated_at`) VALUES (7, 'dolor', '2013-05-20 11:24:14', '2018-01-25 07:14:31');
INSERT INTO `communities` (`id`, `name`, `created_at`, `updated_at`) VALUES (8, 'illo', '1973-09-08 22:28:19', '1974-04-25 16:58:04');
INSERT INTO `communities` (`id`, `name`, `created_at`, `updated_at`) VALUES (9, 'ea', '1977-05-06 07:27:05', '1973-08-05 15:40:37');
INSERT INTO `communities` (`id`, `name`, `created_at`, `updated_at`) VALUES (10, 'et', '1989-03-23 03:07:19', '2018-03-15 12:41:46');
INSERT INTO `communities` (`id`, `name`, `created_at`, `updated_at`) VALUES (11, 'fugit', '1992-08-08 11:33:45', '1984-03-03 08:03:56');
INSERT INTO `communities` (`id`, `name`, `created_at`, `updated_at`) VALUES (12, 'quia', '2007-11-25 03:16:21', '1988-09-19 09:32:37');
INSERT INTO `communities` (`id`, `name`, `created_at`, `updated_at`) VALUES (13, 'sed', '2003-08-12 16:46:52', '2013-07-28 11:33:48');
INSERT INTO `communities` (`id`, `name`, `created_at`, `updated_at`) VALUES (14, 'perferendis', '1985-03-30 13:05:05', '2009-03-14 00:41:20');
INSERT INTO `communities` (`id`, `name`, `created_at`, `updated_at`) VALUES (15, 'dolore', '2010-02-22 05:24:53', '1971-07-12 00:35:32');
INSERT INTO `communities` (`id`, `name`, `created_at`, `updated_at`) VALUES (16, 'voluptatibus', '2008-07-13 04:39:02', '1990-01-29 21:43:09');
INSERT INTO `communities` (`id`, `name`, `created_at`, `updated_at`) VALUES (17, 'maiores', '1996-12-16 01:33:20', '1986-03-11 15:16:20');
INSERT INTO `communities` (`id`, `name`, `created_at`, `updated_at`) VALUES (18, 'iure', '1991-07-18 17:19:40', '1997-09-15 05:15:49');
INSERT INTO `communities` (`id`, `name`, `created_at`, `updated_at`) VALUES (19, 'dolorem', '1991-02-06 09:01:41', '2013-02-22 19:26:24');
INSERT INTO `communities` (`id`, `name`, `created_at`, `updated_at`) VALUES (20, 'atque', '2002-08-02 01:38:40', '1997-04-23 05:24:03');
INSERT INTO `communities` (`id`, `name`, `created_at`, `updated_at`) VALUES (21, 'sequi', '2005-11-25 18:13:48', '1970-02-05 06:07:22');
INSERT INTO `communities` (`id`, `name`, `created_at`, `updated_at`) VALUES (22, 'voluptatem', '1985-05-01 17:32:22', '2017-10-01 14:13:32');
INSERT INTO `communities` (`id`, `name`, `created_at`, `updated_at`) VALUES (23, 'quasi', '2003-04-07 17:26:24', '1979-07-04 03:08:02');
INSERT INTO `communities` (`id`, `name`, `created_at`, `updated_at`) VALUES (24, 'deserunt', '1995-06-20 17:53:00', '1992-10-07 20:50:54');
INSERT INTO `communities` (`id`, `name`, `created_at`, `updated_at`) VALUES (25, 'odit', '1986-06-04 18:57:18', '1975-12-10 01:30:40');
INSERT INTO `communities` (`id`, `name`, `created_at`, `updated_at`) VALUES (26, 'sit', '2003-09-04 23:40:19', '1970-09-02 22:05:25');
INSERT INTO `communities` (`id`, `name`, `created_at`, `updated_at`) VALUES (27, 'occaecati', '1983-06-04 17:18:08', '1996-09-20 15:45:16');
INSERT INTO `communities` (`id`, `name`, `created_at`, `updated_at`) VALUES (28, 'harum', '2002-03-04 20:39:28', '2009-10-01 01:05:30');
INSERT INTO `communities` (`id`, `name`, `created_at`, `updated_at`) VALUES (29, 'accusamus', '1997-06-09 13:05:03', '1988-09-26 17:16:59');
INSERT INTO `communities` (`id`, `name`, `created_at`, `updated_at`) VALUES (30, 'est', '2003-12-20 22:08:43', '1983-10-19 17:42:08');
INSERT INTO `communities` (`id`, `name`, `created_at`, `updated_at`) VALUES (31, 'inventore', '1981-12-31 12:02:53', '1972-10-25 22:50:05');
INSERT INTO `communities` (`id`, `name`, `created_at`, `updated_at`) VALUES (32, 'veniam', '1972-02-23 08:37:19', '2015-10-21 13:41:31');
INSERT INTO `communities` (`id`, `name`, `created_at`, `updated_at`) VALUES (33, 'dolorum', '2002-06-27 21:51:34', '1972-12-12 06:12:41');
INSERT INTO `communities` (`id`, `name`, `created_at`, `updated_at`) VALUES (34, 'voluptas', '2001-06-03 14:20:18', '2006-03-20 23:40:45');
INSERT INTO `communities` (`id`, `name`, `created_at`, `updated_at`) VALUES (35, 'alias', '1974-12-12 11:53:50', '2016-07-29 00:12:14');
INSERT INTO `communities` (`id`, `name`, `created_at`, `updated_at`) VALUES (36, 'quibusdam', '2018-05-25 16:59:50', '1978-09-10 06:44:58');
INSERT INTO `communities` (`id`, `name`, `created_at`, `updated_at`) VALUES (37, 'incidunt', '2012-07-31 09:02:05', '1982-04-14 13:22:19');
INSERT INTO `communities` (`id`, `name`, `created_at`, `updated_at`) VALUES (38, 'explicabo', '1973-04-08 11:14:35', '1994-02-14 22:09:06');
INSERT INTO `communities` (`id`, `name`, `created_at`, `updated_at`) VALUES (39, 'voluptates', '2009-02-06 12:05:08', '2011-10-28 20:58:53');
INSERT INTO `communities` (`id`, `name`, `created_at`, `updated_at`) VALUES (40, 'libero', '2017-02-22 06:17:13', '1974-08-19 17:46:18');
INSERT INTO `communities` (`id`, `name`, `created_at`, `updated_at`) VALUES (41, 'repudiandae', '1992-02-15 14:56:09', '1981-05-17 06:57:22');
INSERT INTO `communities` (`id`, `name`, `created_at`, `updated_at`) VALUES (42, 'officiis', '2011-09-04 18:35:38', '1992-09-10 21:24:43');
INSERT INTO `communities` (`id`, `name`, `created_at`, `updated_at`) VALUES (43, 'sint', '2014-07-13 02:02:36', '1998-06-21 14:48:15');
INSERT INTO `communities` (`id`, `name`, `created_at`, `updated_at`) VALUES (44, 'cupiditate', '1987-04-20 10:25:38', '2020-10-11 21:34:36');
INSERT INTO `communities` (`id`, `name`, `created_at`, `updated_at`) VALUES (45, 'fugiat', '1984-01-11 02:22:27', '1997-06-19 21:56:40');
INSERT INTO `communities` (`id`, `name`, `created_at`, `updated_at`) VALUES (46, 'corporis', '1993-10-03 19:35:04', '1985-09-29 05:07:23');
INSERT INTO `communities` (`id`, `name`, `created_at`, `updated_at`) VALUES (47, 'ullam', '2014-03-01 04:42:00', '2019-10-23 23:39:56');
INSERT INTO `communities` (`id`, `name`, `created_at`, `updated_at`) VALUES (48, 'at', '1993-07-27 00:04:22', '1973-12-09 05:20:00');
INSERT INTO `communities` (`id`, `name`, `created_at`, `updated_at`) VALUES (49, 'quam', '1984-08-11 23:13:24', '1987-06-29 23:50:14');
INSERT INTO `communities` (`id`, `name`, `created_at`, `updated_at`) VALUES (50, 'mollitia', '2008-12-08 16:53:06', '2002-01-03 03:41:14');


#
# TABLE STRUCTURE FOR: communities_users
#

DROP TABLE IF EXISTS `communities_users`;

CREATE TABLE `communities_users` (
  `community_id` int(10) unsigned NOT NULL,
  `user_id` int(10) unsigned NOT NULL,
  `created_at` datetime DEFAULT current_timestamp(),
  PRIMARY KEY (`community_id`,`user_id`)
) ENGINE=InnoDB DEFAULT CHARSET=utf8 COLLATE=utf8_unicode_ci;

INSERT INTO `communities_users` (`community_id`, `user_id`, `created_at`) VALUES (1, 1, '2016-03-01 03:21:59');
INSERT INTO `communities_users` (`community_id`, `user_id`, `created_at`) VALUES (1, 51, '1995-11-19 07:41:03');
INSERT INTO `communities_users` (`community_id`, `user_id`, `created_at`) VALUES (2, 2, '2020-11-16 17:07:32');
INSERT INTO `communities_users` (`community_id`, `user_id`, `created_at`) VALUES (2, 52, '1977-05-29 18:27:05');
INSERT INTO `communities_users` (`community_id`, `user_id`, `created_at`) VALUES (3, 3, '2016-11-30 09:08:38');
INSERT INTO `communities_users` (`community_id`, `user_id`, `created_at`) VALUES (3, 53, '1988-05-16 18:14:02');
INSERT INTO `communities_users` (`community_id`, `user_id`, `created_at`) VALUES (4, 4, '1996-05-16 22:20:20');
INSERT INTO `communities_users` (`community_id`, `user_id`, `created_at`) VALUES (4, 54, '2001-06-07 17:07:27');
INSERT INTO `communities_users` (`community_id`, `user_id`, `created_at`) VALUES (5, 5, '1974-01-27 18:32:41');
INSERT INTO `communities_users` (`community_id`, `user_id`, `created_at`) VALUES (5, 55, '1983-10-26 20:30:01');
INSERT INTO `communities_users` (`community_id`, `user_id`, `created_at`) VALUES (6, 6, '1988-02-05 16:33:20');
INSERT INTO `communities_users` (`community_id`, `user_id`, `created_at`) VALUES (6, 56, '2007-06-25 19:13:24');
INSERT INTO `communities_users` (`community_id`, `user_id`, `created_at`) VALUES (7, 7, '1994-04-23 04:12:37');
INSERT INTO `communities_users` (`community_id`, `user_id`, `created_at`) VALUES (7, 57, '1980-07-30 23:45:19');
INSERT INTO `communities_users` (`community_id`, `user_id`, `created_at`) VALUES (8, 8, '2016-03-19 16:25:50');
INSERT INTO `communities_users` (`community_id`, `user_id`, `created_at`) VALUES (8, 58, '1990-02-24 16:37:11');
INSERT INTO `communities_users` (`community_id`, `user_id`, `created_at`) VALUES (9, 9, '2019-03-13 10:53:11');
INSERT INTO `communities_users` (`community_id`, `user_id`, `created_at`) VALUES (9, 59, '1973-12-23 16:21:26');
INSERT INTO `communities_users` (`community_id`, `user_id`, `created_at`) VALUES (10, 10, '1971-05-14 08:05:41');
INSERT INTO `communities_users` (`community_id`, `user_id`, `created_at`) VALUES (10, 60, '1999-12-18 22:29:53');
INSERT INTO `communities_users` (`community_id`, `user_id`, `created_at`) VALUES (11, 11, '1994-12-29 12:48:39');
INSERT INTO `communities_users` (`community_id`, `user_id`, `created_at`) VALUES (11, 61, '2014-11-25 23:06:58');
INSERT INTO `communities_users` (`community_id`, `user_id`, `created_at`) VALUES (12, 12, '2014-07-24 01:31:36');
INSERT INTO `communities_users` (`community_id`, `user_id`, `created_at`) VALUES (12, 62, '2012-09-27 14:19:11');
INSERT INTO `communities_users` (`community_id`, `user_id`, `created_at`) VALUES (13, 13, '1994-06-25 03:53:44');
INSERT INTO `communities_users` (`community_id`, `user_id`, `created_at`) VALUES (13, 63, '1984-04-16 17:39:34');
INSERT INTO `communities_users` (`community_id`, `user_id`, `created_at`) VALUES (14, 14, '2011-11-09 12:33:39');
INSERT INTO `communities_users` (`community_id`, `user_id`, `created_at`) VALUES (14, 64, '1977-02-05 09:42:50');
INSERT INTO `communities_users` (`community_id`, `user_id`, `created_at`) VALUES (15, 15, '1974-06-25 12:45:31');
INSERT INTO `communities_users` (`community_id`, `user_id`, `created_at`) VALUES (15, 65, '1971-09-27 00:09:39');
INSERT INTO `communities_users` (`community_id`, `user_id`, `created_at`) VALUES (16, 16, '2012-12-22 16:23:02');
INSERT INTO `communities_users` (`community_id`, `user_id`, `created_at`) VALUES (16, 66, '1979-03-26 06:20:49');
INSERT INTO `communities_users` (`community_id`, `user_id`, `created_at`) VALUES (17, 17, '2012-01-12 00:09:29');
INSERT INTO `communities_users` (`community_id`, `user_id`, `created_at`) VALUES (17, 67, '1992-06-28 21:25:26');
INSERT INTO `communities_users` (`community_id`, `user_id`, `created_at`) VALUES (18, 18, '1995-10-04 13:23:08');
INSERT INTO `communities_users` (`community_id`, `user_id`, `created_at`) VALUES (18, 68, '1978-01-05 18:40:14');
INSERT INTO `communities_users` (`community_id`, `user_id`, `created_at`) VALUES (19, 19, '1972-12-08 23:10:10');
INSERT INTO `communities_users` (`community_id`, `user_id`, `created_at`) VALUES (19, 69, '2000-02-25 00:00:58');
INSERT INTO `communities_users` (`community_id`, `user_id`, `created_at`) VALUES (20, 20, '1983-02-07 14:10:17');
INSERT INTO `communities_users` (`community_id`, `user_id`, `created_at`) VALUES (20, 70, '2010-04-08 00:50:53');
INSERT INTO `communities_users` (`community_id`, `user_id`, `created_at`) VALUES (21, 21, '2003-03-19 02:24:04');
INSERT INTO `communities_users` (`community_id`, `user_id`, `created_at`) VALUES (21, 71, '2008-03-02 15:43:01');
INSERT INTO `communities_users` (`community_id`, `user_id`, `created_at`) VALUES (22, 22, '2016-06-03 10:04:55');
INSERT INTO `communities_users` (`community_id`, `user_id`, `created_at`) VALUES (22, 72, '1977-06-11 16:33:47');
INSERT INTO `communities_users` (`community_id`, `user_id`, `created_at`) VALUES (23, 23, '2000-03-07 16:33:13');
INSERT INTO `communities_users` (`community_id`, `user_id`, `created_at`) VALUES (23, 73, '2015-02-08 00:14:24');
INSERT INTO `communities_users` (`community_id`, `user_id`, `created_at`) VALUES (24, 24, '2002-02-28 08:28:11');
INSERT INTO `communities_users` (`community_id`, `user_id`, `created_at`) VALUES (24, 74, '1982-02-08 10:53:06');
INSERT INTO `communities_users` (`community_id`, `user_id`, `created_at`) VALUES (25, 25, '1998-04-05 00:35:28');
INSERT INTO `communities_users` (`community_id`, `user_id`, `created_at`) VALUES (25, 75, '1978-09-17 02:17:11');
INSERT INTO `communities_users` (`community_id`, `user_id`, `created_at`) VALUES (26, 26, '1985-08-30 18:55:55');
INSERT INTO `communities_users` (`community_id`, `user_id`, `created_at`) VALUES (26, 76, '1993-08-05 23:15:12');
INSERT INTO `communities_users` (`community_id`, `user_id`, `created_at`) VALUES (27, 27, '1984-11-27 22:49:48');
INSERT INTO `communities_users` (`community_id`, `user_id`, `created_at`) VALUES (27, 77, '1990-10-24 13:43:10');
INSERT INTO `communities_users` (`community_id`, `user_id`, `created_at`) VALUES (28, 28, '1980-07-31 19:20:30');
INSERT INTO `communities_users` (`community_id`, `user_id`, `created_at`) VALUES (28, 78, '2002-11-23 08:01:51');
INSERT INTO `communities_users` (`community_id`, `user_id`, `created_at`) VALUES (29, 29, '1979-02-17 00:20:55');
INSERT INTO `communities_users` (`community_id`, `user_id`, `created_at`) VALUES (29, 79, '1989-08-22 13:09:47');
INSERT INTO `communities_users` (`community_id`, `user_id`, `created_at`) VALUES (30, 30, '2011-10-05 20:27:32');
INSERT INTO `communities_users` (`community_id`, `user_id`, `created_at`) VALUES (30, 80, '2010-02-05 12:29:35');
INSERT INTO `communities_users` (`community_id`, `user_id`, `created_at`) VALUES (31, 31, '1988-07-06 03:36:52');
INSERT INTO `communities_users` (`community_id`, `user_id`, `created_at`) VALUES (31, 81, '1995-08-25 07:43:43');
INSERT INTO `communities_users` (`community_id`, `user_id`, `created_at`) VALUES (32, 32, '1985-03-18 04:43:09');
INSERT INTO `communities_users` (`community_id`, `user_id`, `created_at`) VALUES (32, 82, '2009-07-18 12:25:45');
INSERT INTO `communities_users` (`community_id`, `user_id`, `created_at`) VALUES (33, 33, '1989-07-22 04:56:04');
INSERT INTO `communities_users` (`community_id`, `user_id`, `created_at`) VALUES (33, 83, '2009-10-20 03:51:03');
INSERT INTO `communities_users` (`community_id`, `user_id`, `created_at`) VALUES (34, 34, '1991-08-25 12:22:19');
INSERT INTO `communities_users` (`community_id`, `user_id`, `created_at`) VALUES (34, 84, '2013-11-09 01:56:55');
INSERT INTO `communities_users` (`community_id`, `user_id`, `created_at`) VALUES (35, 35, '2001-03-17 06:02:01');
INSERT INTO `communities_users` (`community_id`, `user_id`, `created_at`) VALUES (35, 85, '1974-12-17 23:09:58');
INSERT INTO `communities_users` (`community_id`, `user_id`, `created_at`) VALUES (36, 36, '1987-07-18 17:58:32');
INSERT INTO `communities_users` (`community_id`, `user_id`, `created_at`) VALUES (36, 86, '1988-04-19 06:44:57');
INSERT INTO `communities_users` (`community_id`, `user_id`, `created_at`) VALUES (37, 37, '1994-04-03 02:37:42');
INSERT INTO `communities_users` (`community_id`, `user_id`, `created_at`) VALUES (37, 87, '1977-04-09 22:43:07');
INSERT INTO `communities_users` (`community_id`, `user_id`, `created_at`) VALUES (38, 38, '1972-10-22 12:15:07');
INSERT INTO `communities_users` (`community_id`, `user_id`, `created_at`) VALUES (38, 88, '1995-12-09 12:25:26');
INSERT INTO `communities_users` (`community_id`, `user_id`, `created_at`) VALUES (39, 39, '2010-03-24 21:02:25');
INSERT INTO `communities_users` (`community_id`, `user_id`, `created_at`) VALUES (39, 89, '2014-01-04 19:35:24');
INSERT INTO `communities_users` (`community_id`, `user_id`, `created_at`) VALUES (40, 40, '2011-09-27 15:57:11');
INSERT INTO `communities_users` (`community_id`, `user_id`, `created_at`) VALUES (40, 90, '2001-02-16 09:08:53');
INSERT INTO `communities_users` (`community_id`, `user_id`, `created_at`) VALUES (41, 41, '1971-03-04 13:51:04');
INSERT INTO `communities_users` (`community_id`, `user_id`, `created_at`) VALUES (41, 91, '1971-02-24 22:26:07');
INSERT INTO `communities_users` (`community_id`, `user_id`, `created_at`) VALUES (42, 42, '1988-06-06 14:50:52');
INSERT INTO `communities_users` (`community_id`, `user_id`, `created_at`) VALUES (42, 92, '1982-05-30 01:50:31');
INSERT INTO `communities_users` (`community_id`, `user_id`, `created_at`) VALUES (43, 43, '1971-03-13 19:13:08');
INSERT INTO `communities_users` (`community_id`, `user_id`, `created_at`) VALUES (43, 93, '1980-07-07 01:37:48');
INSERT INTO `communities_users` (`community_id`, `user_id`, `created_at`) VALUES (44, 44, '2011-06-09 00:28:31');
INSERT INTO `communities_users` (`community_id`, `user_id`, `created_at`) VALUES (44, 94, '1997-10-12 20:04:04');
INSERT INTO `communities_users` (`community_id`, `user_id`, `created_at`) VALUES (45, 45, '1994-12-17 07:58:17');
INSERT INTO `communities_users` (`community_id`, `user_id`, `created_at`) VALUES (45, 95, '2015-09-02 04:02:16');
INSERT INTO `communities_users` (`community_id`, `user_id`, `created_at`) VALUES (46, 46, '2013-06-18 16:54:29');
INSERT INTO `communities_users` (`community_id`, `user_id`, `created_at`) VALUES (46, 96, '1993-07-26 20:44:49');
INSERT INTO `communities_users` (`community_id`, `user_id`, `created_at`) VALUES (47, 47, '1995-06-03 06:11:55');
INSERT INTO `communities_users` (`community_id`, `user_id`, `created_at`) VALUES (47, 97, '2014-12-24 03:23:00');
INSERT INTO `communities_users` (`community_id`, `user_id`, `created_at`) VALUES (48, 48, '2007-01-15 03:56:58');
INSERT INTO `communities_users` (`community_id`, `user_id`, `created_at`) VALUES (48, 98, '2004-11-05 01:49:22');
INSERT INTO `communities_users` (`community_id`, `user_id`, `created_at`) VALUES (49, 49, '2014-06-14 01:03:59');
INSERT INTO `communities_users` (`community_id`, `user_id`, `created_at`) VALUES (49, 99, '2004-04-11 03:26:22');
INSERT INTO `communities_users` (`community_id`, `user_id`, `created_at`) VALUES (50, 50, '1984-05-12 06:00:09');
INSERT INTO `communities_users` (`community_id`, `user_id`, `created_at`) VALUES (50, 100, '2012-02-06 01:59:37');


#
# TABLE STRUCTURE FOR: friendship
#

DROP TABLE IF EXISTS `friendship`;

CREATE TABLE `friendship` (
  `user_id` int(10) unsigned NOT NULL,
  `friend_id` int(10) unsigned NOT NULL,
  `status_id` int(10) unsigned NOT NULL,
  `requested_at` datetime DEFAULT current_timestamp(),
  `confirmed_at` datetime DEFAULT NULL,
  `created_at` datetime DEFAULT current_timestamp(),
  `updated_at` datetime DEFAULT current_timestamp() ON UPDATE current_timestamp(),
  PRIMARY KEY (`user_id`,`friend_id`)
) ENGINE=InnoDB DEFAULT CHARSET=utf8 COLLATE=utf8_unicode_ci;

INSERT INTO `friendship` (`user_id`, `friend_id`, `status_id`, `requested_at`, `confirmed_at`, `created_at`, `updated_at`) VALUES (1, 1, 1, '1974-05-12 12:43:28', '1983-03-13 21:27:48', '2015-07-16 08:54:17', '1975-10-30 20:58:24');
INSERT INTO `friendship` (`user_id`, `friend_id`, `status_id`, `requested_at`, `confirmed_at`, `created_at`, `updated_at`) VALUES (2, 2, 2, '1994-06-28 02:15:58', '1985-09-14 20:02:51', '1989-10-28 17:16:44', '2014-12-14 21:05:01');
INSERT INTO `friendship` (`user_id`, `friend_id`, `status_id`, `requested_at`, `confirmed_at`, `created_at`, `updated_at`) VALUES (3, 3, 1, '1982-11-19 11:41:38', '2012-08-18 12:52:06', '1992-12-08 16:49:16', '1990-12-27 13:50:30');
INSERT INTO `friendship` (`user_id`, `friend_id`, `status_id`, `requested_at`, `confirmed_at`, `created_at`, `updated_at`) VALUES (4, 4, 2, '1996-04-04 16:06:29', '2019-06-09 17:23:39', '1988-11-07 03:46:57', '2009-04-17 18:11:25');
INSERT INTO `friendship` (`user_id`, `friend_id`, `status_id`, `requested_at`, `confirmed_at`, `created_at`, `updated_at`) VALUES (5, 5, 1, '2019-11-17 08:35:05', '1998-10-21 16:26:11', '2018-12-23 13:16:14', '2002-01-28 16:53:37');
INSERT INTO `friendship` (`user_id`, `friend_id`, `status_id`, `requested_at`, `confirmed_at`, `created_at`, `updated_at`) VALUES (6, 6, 2, '1986-07-12 10:49:31', '1972-06-09 09:03:35', '1976-08-15 17:32:18', '1981-02-02 08:18:30');
INSERT INTO `friendship` (`user_id`, `friend_id`, `status_id`, `requested_at`, `confirmed_at`, `created_at`, `updated_at`) VALUES (7, 7, 1, '1975-07-10 15:30:12', '2005-07-17 10:19:00', '1982-09-03 21:22:28', '2002-09-26 00:18:09');
INSERT INTO `friendship` (`user_id`, `friend_id`, `status_id`, `requested_at`, `confirmed_at`, `created_at`, `updated_at`) VALUES (8, 8, 2, '2015-04-05 16:28:09', '1998-02-13 16:36:36', '1985-05-31 18:11:49', '1976-08-26 11:42:26');
INSERT INTO `friendship` (`user_id`, `friend_id`, `status_id`, `requested_at`, `confirmed_at`, `created_at`, `updated_at`) VALUES (9, 9, 1, '2010-02-12 05:56:38', '2015-09-03 09:05:32', '1978-06-14 02:01:25', '2006-12-14 04:33:14');
INSERT INTO `friendship` (`user_id`, `friend_id`, `status_id`, `requested_at`, `confirmed_at`, `created_at`, `updated_at`) VALUES (10, 10, 2, '1977-03-14 09:06:15', '1983-05-10 18:21:22', '2017-08-03 05:06:33', '2011-06-02 02:47:03');
INSERT INTO `friendship` (`user_id`, `friend_id`, `status_id`, `requested_at`, `confirmed_at`, `created_at`, `updated_at`) VALUES (11, 11, 1, '2002-06-22 13:24:18', '1970-02-19 11:43:29', '1974-05-19 20:25:43', '2006-01-26 18:55:40');
INSERT INTO `friendship` (`user_id`, `friend_id`, `status_id`, `requested_at`, `confirmed_at`, `created_at`, `updated_at`) VALUES (12, 12, 2, '1983-03-02 08:21:49', '2015-04-19 00:00:33', '1995-02-18 23:32:35', '1976-02-06 13:17:00');
INSERT INTO `friendship` (`user_id`, `friend_id`, `status_id`, `requested_at`, `confirmed_at`, `created_at`, `updated_at`) VALUES (13, 13, 1, '2012-04-25 06:11:29', '2018-10-31 22:08:16', '1984-09-16 19:40:33', '1985-08-03 14:18:05');
INSERT INTO `friendship` (`user_id`, `friend_id`, `status_id`, `requested_at`, `confirmed_at`, `created_at`, `updated_at`) VALUES (14, 14, 2, '2012-07-09 05:19:13', '1979-12-24 09:21:39', '1993-10-28 19:18:22', '2003-08-27 10:13:47');
INSERT INTO `friendship` (`user_id`, `friend_id`, `status_id`, `requested_at`, `confirmed_at`, `created_at`, `updated_at`) VALUES (15, 15, 1, '1977-06-11 13:45:51', '2004-06-11 06:55:27', '2013-10-24 07:12:33', '1983-08-19 04:35:49');
INSERT INTO `friendship` (`user_id`, `friend_id`, `status_id`, `requested_at`, `confirmed_at`, `created_at`, `updated_at`) VALUES (16, 16, 2, '1973-05-31 06:49:58', '1999-07-19 21:50:22', '1990-03-30 06:00:29', '1973-02-04 19:39:56');
INSERT INTO `friendship` (`user_id`, `friend_id`, `status_id`, `requested_at`, `confirmed_at`, `created_at`, `updated_at`) VALUES (17, 17, 1, '1980-07-03 01:44:24', '1977-12-23 13:39:49', '1971-03-26 12:15:42', '1970-01-26 05:39:08');
INSERT INTO `friendship` (`user_id`, `friend_id`, `status_id`, `requested_at`, `confirmed_at`, `created_at`, `updated_at`) VALUES (18, 18, 2, '1983-07-15 01:14:10', '1986-07-28 12:43:02', '2016-09-15 17:54:45', '2002-09-25 21:57:54');
INSERT INTO `friendship` (`user_id`, `friend_id`, `status_id`, `requested_at`, `confirmed_at`, `created_at`, `updated_at`) VALUES (19, 19, 1, '1999-09-21 02:48:56', '1991-03-29 01:14:25', '2014-03-17 13:07:03', '1994-10-17 05:18:09');
INSERT INTO `friendship` (`user_id`, `friend_id`, `status_id`, `requested_at`, `confirmed_at`, `created_at`, `updated_at`) VALUES (20, 20, 2, '1976-03-27 19:17:15', '2007-04-16 06:45:41', '2004-08-04 17:47:40', '2015-12-01 22:47:17');
INSERT INTO `friendship` (`user_id`, `friend_id`, `status_id`, `requested_at`, `confirmed_at`, `created_at`, `updated_at`) VALUES (21, 21, 1, '1980-03-07 19:27:33', '2020-09-04 16:09:28', '2003-11-27 06:13:03', '1989-06-19 03:01:39');
INSERT INTO `friendship` (`user_id`, `friend_id`, `status_id`, `requested_at`, `confirmed_at`, `created_at`, `updated_at`) VALUES (22, 22, 2, '1993-12-03 12:47:27', '2009-08-06 05:07:20', '2009-05-25 08:53:04', '1996-09-05 20:47:33');
INSERT INTO `friendship` (`user_id`, `friend_id`, `status_id`, `requested_at`, `confirmed_at`, `created_at`, `updated_at`) VALUES (23, 23, 1, '2002-04-12 08:37:43', '1981-08-15 16:04:04', '1970-03-01 00:43:33', '1996-06-20 11:18:13');
INSERT INTO `friendship` (`user_id`, `friend_id`, `status_id`, `requested_at`, `confirmed_at`, `created_at`, `updated_at`) VALUES (24, 24, 2, '2011-01-20 03:59:20', '1991-03-20 21:42:50', '2003-02-19 01:22:01', '2007-06-18 16:21:24');
INSERT INTO `friendship` (`user_id`, `friend_id`, `status_id`, `requested_at`, `confirmed_at`, `created_at`, `updated_at`) VALUES (25, 25, 1, '1984-08-09 08:00:01', '1998-10-21 20:23:34', '2014-04-12 08:33:33', '1988-03-18 12:12:59');
INSERT INTO `friendship` (`user_id`, `friend_id`, `status_id`, `requested_at`, `confirmed_at`, `created_at`, `updated_at`) VALUES (26, 26, 2, '2005-05-08 14:28:40', '2010-11-12 11:43:59', '2020-06-12 22:36:02', '2000-08-31 09:20:03');
INSERT INTO `friendship` (`user_id`, `friend_id`, `status_id`, `requested_at`, `confirmed_at`, `created_at`, `updated_at`) VALUES (27, 27, 1, '1980-02-25 16:01:09', '1987-12-07 05:43:42', '1983-03-04 16:56:33', '1992-07-31 08:24:28');
INSERT INTO `friendship` (`user_id`, `friend_id`, `status_id`, `requested_at`, `confirmed_at`, `created_at`, `updated_at`) VALUES (28, 28, 2, '1974-06-07 16:06:11', '2006-05-30 14:51:08', '1975-01-10 14:11:28', '1973-03-23 03:24:34');
INSERT INTO `friendship` (`user_id`, `friend_id`, `status_id`, `requested_at`, `confirmed_at`, `created_at`, `updated_at`) VALUES (29, 29, 1, '1980-01-02 10:30:44', '1971-09-12 07:01:05', '2006-01-03 18:24:03', '2003-02-26 12:20:51');
INSERT INTO `friendship` (`user_id`, `friend_id`, `status_id`, `requested_at`, `confirmed_at`, `created_at`, `updated_at`) VALUES (30, 30, 2, '1998-07-21 21:27:39', '1978-03-05 20:49:36', '2002-12-06 01:46:54', '1970-04-02 14:49:19');
INSERT INTO `friendship` (`user_id`, `friend_id`, `status_id`, `requested_at`, `confirmed_at`, `created_at`, `updated_at`) VALUES (31, 31, 1, '2000-11-13 19:34:22', '1978-04-14 09:44:29', '1985-07-22 16:08:25', '2015-12-04 05:06:09');
INSERT INTO `friendship` (`user_id`, `friend_id`, `status_id`, `requested_at`, `confirmed_at`, `created_at`, `updated_at`) VALUES (32, 32, 2, '1977-07-28 15:12:34', '2020-03-31 07:07:14', '2005-09-27 05:55:18', '2008-07-23 03:18:54');
INSERT INTO `friendship` (`user_id`, `friend_id`, `status_id`, `requested_at`, `confirmed_at`, `created_at`, `updated_at`) VALUES (33, 33, 1, '1998-09-17 15:18:08', '1987-03-16 22:35:23', '2018-04-06 08:48:43', '1982-02-02 01:53:48');
INSERT INTO `friendship` (`user_id`, `friend_id`, `status_id`, `requested_at`, `confirmed_at`, `created_at`, `updated_at`) VALUES (34, 34, 2, '2004-11-18 23:27:06', '1978-03-09 08:22:22', '1974-03-10 19:15:13', '2001-08-05 20:20:22');
INSERT INTO `friendship` (`user_id`, `friend_id`, `status_id`, `requested_at`, `confirmed_at`, `created_at`, `updated_at`) VALUES (35, 35, 1, '2013-04-01 08:59:06', '1986-07-13 20:58:29', '1970-01-20 03:01:38', '1997-09-08 18:16:44');
INSERT INTO `friendship` (`user_id`, `friend_id`, `status_id`, `requested_at`, `confirmed_at`, `created_at`, `updated_at`) VALUES (36, 36, 2, '2012-06-23 01:29:15', '1986-07-22 20:25:16', '2006-06-01 14:50:18', '1983-11-08 18:06:47');
INSERT INTO `friendship` (`user_id`, `friend_id`, `status_id`, `requested_at`, `confirmed_at`, `created_at`, `updated_at`) VALUES (37, 37, 1, '1992-03-29 09:46:32', '2013-04-10 21:36:04', '1996-08-23 04:28:16', '1981-10-14 04:47:33');
INSERT INTO `friendship` (`user_id`, `friend_id`, `status_id`, `requested_at`, `confirmed_at`, `created_at`, `updated_at`) VALUES (38, 38, 2, '1987-05-04 16:40:14', '1986-03-17 09:38:06', '2014-05-30 08:38:10', '1981-02-18 04:09:16');
INSERT INTO `friendship` (`user_id`, `friend_id`, `status_id`, `requested_at`, `confirmed_at`, `created_at`, `updated_at`) VALUES (39, 39, 1, '1984-04-20 21:41:15', '2019-03-18 16:40:58', '1992-06-28 18:14:23', '2001-06-29 15:39:19');
INSERT INTO `friendship` (`user_id`, `friend_id`, `status_id`, `requested_at`, `confirmed_at`, `created_at`, `updated_at`) VALUES (40, 40, 2, '1970-07-29 18:18:27', '1988-11-26 16:40:11', '1991-02-27 01:35:15', '2017-08-09 11:04:27');
INSERT INTO `friendship` (`user_id`, `friend_id`, `status_id`, `requested_at`, `confirmed_at`, `created_at`, `updated_at`) VALUES (41, 41, 1, '1972-08-18 14:32:28', '1981-08-16 13:54:47', '1981-11-11 19:16:58', '1975-01-06 23:18:51');
INSERT INTO `friendship` (`user_id`, `friend_id`, `status_id`, `requested_at`, `confirmed_at`, `created_at`, `updated_at`) VALUES (42, 42, 2, '2010-04-30 19:24:19', '1999-01-06 19:34:24', '2019-05-05 00:05:29', '2015-12-29 05:36:38');
INSERT INTO `friendship` (`user_id`, `friend_id`, `status_id`, `requested_at`, `confirmed_at`, `created_at`, `updated_at`) VALUES (43, 43, 1, '1991-12-30 12:37:40', '1984-11-14 05:22:47', '1971-06-30 00:12:02', '1984-09-04 19:02:59');
INSERT INTO `friendship` (`user_id`, `friend_id`, `status_id`, `requested_at`, `confirmed_at`, `created_at`, `updated_at`) VALUES (44, 44, 2, '1985-02-08 23:13:50', '1995-08-13 06:12:31', '1973-12-11 05:28:49', '2018-11-08 05:24:47');
INSERT INTO `friendship` (`user_id`, `friend_id`, `status_id`, `requested_at`, `confirmed_at`, `created_at`, `updated_at`) VALUES (45, 45, 1, '1995-02-05 22:14:00', '1992-09-13 23:01:52', '1975-06-14 18:06:39', '2016-11-04 14:15:28');
INSERT INTO `friendship` (`user_id`, `friend_id`, `status_id`, `requested_at`, `confirmed_at`, `created_at`, `updated_at`) VALUES (46, 46, 2, '1982-09-13 10:21:34', '2018-05-09 08:56:14', '2006-07-26 17:41:31', '1986-08-17 03:16:42');
INSERT INTO `friendship` (`user_id`, `friend_id`, `status_id`, `requested_at`, `confirmed_at`, `created_at`, `updated_at`) VALUES (47, 47, 1, '2001-08-27 08:37:01', '2004-04-04 06:11:54', '2000-02-21 13:41:44', '1993-05-10 06:31:34');
INSERT INTO `friendship` (`user_id`, `friend_id`, `status_id`, `requested_at`, `confirmed_at`, `created_at`, `updated_at`) VALUES (48, 48, 2, '1973-03-24 17:12:12', '2020-07-10 07:46:39', '2006-09-11 08:53:22', '1979-04-06 22:54:26');
INSERT INTO `friendship` (`user_id`, `friend_id`, `status_id`, `requested_at`, `confirmed_at`, `created_at`, `updated_at`) VALUES (49, 49, 1, '1994-01-07 16:41:54', '1977-11-12 07:52:10', '1993-10-11 16:42:16', '1971-06-17 02:38:35');
INSERT INTO `friendship` (`user_id`, `friend_id`, `status_id`, `requested_at`, `confirmed_at`, `created_at`, `updated_at`) VALUES (50, 50, 2, '1975-02-08 00:27:43', '1999-06-22 23:25:48', '2020-08-29 11:31:40', '1982-02-06 13:43:46');
INSERT INTO `friendship` (`user_id`, `friend_id`, `status_id`, `requested_at`, `confirmed_at`, `created_at`, `updated_at`) VALUES (51, 51, 1, '1976-10-18 09:15:31', '2018-03-17 10:02:45', '1998-01-20 08:01:21', '1999-07-29 17:19:07');
INSERT INTO `friendship` (`user_id`, `friend_id`, `status_id`, `requested_at`, `confirmed_at`, `created_at`, `updated_at`) VALUES (52, 52, 2, '1992-07-30 15:37:36', '2012-08-28 01:39:36', '2005-12-04 20:13:15', '1987-05-18 22:32:44');
INSERT INTO `friendship` (`user_id`, `friend_id`, `status_id`, `requested_at`, `confirmed_at`, `created_at`, `updated_at`) VALUES (53, 53, 1, '2012-06-05 03:37:51', '2016-01-25 04:55:12', '2013-09-05 22:45:35', '1986-11-26 00:40:42');
INSERT INTO `friendship` (`user_id`, `friend_id`, `status_id`, `requested_at`, `confirmed_at`, `created_at`, `updated_at`) VALUES (54, 54, 2, '1987-05-03 23:12:56', '1976-06-17 07:05:31', '2002-10-22 06:52:32', '2005-08-28 04:08:05');
INSERT INTO `friendship` (`user_id`, `friend_id`, `status_id`, `requested_at`, `confirmed_at`, `created_at`, `updated_at`) VALUES (55, 55, 1, '1988-02-11 10:20:15', '2003-07-26 15:11:58', '1972-03-23 03:07:15', '1994-09-27 15:24:09');
INSERT INTO `friendship` (`user_id`, `friend_id`, `status_id`, `requested_at`, `confirmed_at`, `created_at`, `updated_at`) VALUES (56, 56, 2, '2014-02-26 17:22:19', '2003-12-26 19:27:30', '2013-08-02 21:33:30', '1979-11-30 08:48:36');
INSERT INTO `friendship` (`user_id`, `friend_id`, `status_id`, `requested_at`, `confirmed_at`, `created_at`, `updated_at`) VALUES (57, 57, 1, '1979-12-16 02:07:11', '1991-04-17 11:57:28', '1978-01-25 14:38:39', '1974-03-06 16:03:37');
INSERT INTO `friendship` (`user_id`, `friend_id`, `status_id`, `requested_at`, `confirmed_at`, `created_at`, `updated_at`) VALUES (58, 58, 2, '1995-08-10 22:13:31', '2015-06-02 01:38:23', '2014-09-04 02:46:00', '2013-10-23 14:41:10');
INSERT INTO `friendship` (`user_id`, `friend_id`, `status_id`, `requested_at`, `confirmed_at`, `created_at`, `updated_at`) VALUES (59, 59, 1, '1978-12-11 03:09:37', '1981-09-10 23:20:22', '1982-06-12 18:34:19', '1989-06-02 00:00:59');
INSERT INTO `friendship` (`user_id`, `friend_id`, `status_id`, `requested_at`, `confirmed_at`, `created_at`, `updated_at`) VALUES (60, 60, 2, '1983-06-24 23:00:21', '2006-12-28 10:36:30', '2013-12-26 23:35:51', '2007-04-09 03:40:05');
INSERT INTO `friendship` (`user_id`, `friend_id`, `status_id`, `requested_at`, `confirmed_at`, `created_at`, `updated_at`) VALUES (61, 61, 1, '2011-02-09 01:14:45', '1985-10-10 05:04:12', '2015-01-20 22:15:17', '1978-11-29 16:46:10');
INSERT INTO `friendship` (`user_id`, `friend_id`, `status_id`, `requested_at`, `confirmed_at`, `created_at`, `updated_at`) VALUES (62, 62, 2, '1998-01-31 05:11:51', '1983-02-12 23:22:07', '1992-01-20 12:56:44', '1971-07-12 23:42:35');
INSERT INTO `friendship` (`user_id`, `friend_id`, `status_id`, `requested_at`, `confirmed_at`, `created_at`, `updated_at`) VALUES (63, 63, 1, '1994-04-22 03:56:55', '1987-05-16 23:10:25', '2006-10-22 00:55:24', '1991-04-08 11:58:42');
INSERT INTO `friendship` (`user_id`, `friend_id`, `status_id`, `requested_at`, `confirmed_at`, `created_at`, `updated_at`) VALUES (64, 64, 2, '2012-11-12 00:47:44', '1976-04-11 17:48:12', '1999-02-09 20:31:44', '2008-09-07 15:26:53');
INSERT INTO `friendship` (`user_id`, `friend_id`, `status_id`, `requested_at`, `confirmed_at`, `created_at`, `updated_at`) VALUES (65, 65, 1, '1978-04-05 22:44:38', '2005-03-27 14:08:26', '2006-04-16 15:12:17', '1987-03-19 08:25:34');
INSERT INTO `friendship` (`user_id`, `friend_id`, `status_id`, `requested_at`, `confirmed_at`, `created_at`, `updated_at`) VALUES (66, 66, 2, '1994-11-09 21:31:20', '2016-06-14 20:49:07', '2008-01-15 02:28:01', '1980-04-11 04:00:54');
INSERT INTO `friendship` (`user_id`, `friend_id`, `status_id`, `requested_at`, `confirmed_at`, `created_at`, `updated_at`) VALUES (67, 67, 1, '1998-05-12 08:40:02', '2007-09-04 22:19:49', '1980-05-13 12:14:57', '2008-11-20 03:03:37');
INSERT INTO `friendship` (`user_id`, `friend_id`, `status_id`, `requested_at`, `confirmed_at`, `created_at`, `updated_at`) VALUES (68, 68, 2, '2016-09-18 11:30:41', '2001-10-03 13:47:25', '1979-03-15 06:52:46', '1982-03-07 17:31:29');
INSERT INTO `friendship` (`user_id`, `friend_id`, `status_id`, `requested_at`, `confirmed_at`, `created_at`, `updated_at`) VALUES (69, 69, 1, '1975-12-20 10:24:42', '1974-02-26 23:23:16', '2002-05-29 07:26:47', '1973-08-21 15:43:50');
INSERT INTO `friendship` (`user_id`, `friend_id`, `status_id`, `requested_at`, `confirmed_at`, `created_at`, `updated_at`) VALUES (70, 70, 2, '1992-11-27 16:25:16', '1983-06-29 17:03:46', '2009-09-26 15:20:35', '1994-07-22 01:08:37');
INSERT INTO `friendship` (`user_id`, `friend_id`, `status_id`, `requested_at`, `confirmed_at`, `created_at`, `updated_at`) VALUES (71, 71, 1, '1991-08-23 08:50:23', '1993-03-24 01:56:07', '1987-11-21 19:23:11', '1999-10-22 05:56:19');
INSERT INTO `friendship` (`user_id`, `friend_id`, `status_id`, `requested_at`, `confirmed_at`, `created_at`, `updated_at`) VALUES (72, 72, 2, '1979-05-14 08:01:04', '2019-03-11 00:56:21', '1984-09-15 07:21:33', '2001-02-09 11:03:04');
INSERT INTO `friendship` (`user_id`, `friend_id`, `status_id`, `requested_at`, `confirmed_at`, `created_at`, `updated_at`) VALUES (73, 73, 1, '2020-09-25 18:56:48', '2000-06-10 16:19:37', '1981-10-26 13:23:56', '1990-04-15 03:03:06');
INSERT INTO `friendship` (`user_id`, `friend_id`, `status_id`, `requested_at`, `confirmed_at`, `created_at`, `updated_at`) VALUES (74, 74, 2, '2004-07-17 02:02:27', '1980-05-07 13:11:03', '1979-01-06 15:37:38', '1972-07-31 04:28:06');
INSERT INTO `friendship` (`user_id`, `friend_id`, `status_id`, `requested_at`, `confirmed_at`, `created_at`, `updated_at`) VALUES (75, 75, 1, '2015-12-28 23:39:50', '1974-01-13 23:38:53', '1987-04-27 02:12:07', '1996-07-18 07:35:50');
INSERT INTO `friendship` (`user_id`, `friend_id`, `status_id`, `requested_at`, `confirmed_at`, `created_at`, `updated_at`) VALUES (76, 76, 2, '1976-08-14 21:47:35', '1988-11-28 18:38:49', '2008-05-02 20:00:40', '2006-05-13 19:51:38');
INSERT INTO `friendship` (`user_id`, `friend_id`, `status_id`, `requested_at`, `confirmed_at`, `created_at`, `updated_at`) VALUES (77, 77, 1, '1982-03-07 11:35:09', '1981-08-06 13:47:23', '2004-05-29 13:36:16', '2014-04-24 09:00:56');
INSERT INTO `friendship` (`user_id`, `friend_id`, `status_id`, `requested_at`, `confirmed_at`, `created_at`, `updated_at`) VALUES (78, 78, 2, '1991-08-14 11:44:25', '1990-05-18 00:33:31', '2012-10-07 01:53:57', '2018-10-31 04:28:14');
INSERT INTO `friendship` (`user_id`, `friend_id`, `status_id`, `requested_at`, `confirmed_at`, `created_at`, `updated_at`) VALUES (79, 79, 1, '1986-02-28 19:14:41', '1981-10-09 05:13:50', '1992-02-01 18:14:12', '1995-03-24 04:36:25');
INSERT INTO `friendship` (`user_id`, `friend_id`, `status_id`, `requested_at`, `confirmed_at`, `created_at`, `updated_at`) VALUES (80, 80, 2, '2013-02-21 18:18:40', '1990-07-22 08:29:59', '1985-03-30 05:46:39', '1978-09-25 12:46:25');
INSERT INTO `friendship` (`user_id`, `friend_id`, `status_id`, `requested_at`, `confirmed_at`, `created_at`, `updated_at`) VALUES (81, 81, 1, '1990-10-28 06:34:22', '1985-03-14 17:52:48', '2019-07-06 05:02:13', '2014-11-05 11:22:35');
INSERT INTO `friendship` (`user_id`, `friend_id`, `status_id`, `requested_at`, `confirmed_at`, `created_at`, `updated_at`) VALUES (82, 82, 2, '1975-12-29 16:11:40', '1998-04-04 05:55:21', '1996-10-17 21:48:16', '1971-01-21 15:52:42');
INSERT INTO `friendship` (`user_id`, `friend_id`, `status_id`, `requested_at`, `confirmed_at`, `created_at`, `updated_at`) VALUES (83, 83, 1, '1981-05-13 14:41:36', '1976-10-20 18:22:55', '2005-05-13 03:47:13', '1993-04-09 09:11:53');
INSERT INTO `friendship` (`user_id`, `friend_id`, `status_id`, `requested_at`, `confirmed_at`, `created_at`, `updated_at`) VALUES (84, 84, 2, '1983-08-22 01:17:08', '1998-03-19 23:03:48', '1987-10-29 03:52:41', '1975-04-15 21:43:05');
INSERT INTO `friendship` (`user_id`, `friend_id`, `status_id`, `requested_at`, `confirmed_at`, `created_at`, `updated_at`) VALUES (85, 85, 1, '2010-02-08 03:02:10', '1999-08-30 01:09:34', '1997-03-15 20:08:56', '2001-10-16 05:51:09');
INSERT INTO `friendship` (`user_id`, `friend_id`, `status_id`, `requested_at`, `confirmed_at`, `created_at`, `updated_at`) VALUES (86, 86, 2, '1992-07-26 13:35:12', '1970-12-13 23:11:21', '2011-08-21 23:54:14', '2000-08-23 20:50:44');
INSERT INTO `friendship` (`user_id`, `friend_id`, `status_id`, `requested_at`, `confirmed_at`, `created_at`, `updated_at`) VALUES (87, 87, 1, '1994-04-02 03:14:17', '2006-03-21 19:24:44', '2005-04-26 06:26:54', '2019-03-22 18:29:05');
INSERT INTO `friendship` (`user_id`, `friend_id`, `status_id`, `requested_at`, `confirmed_at`, `created_at`, `updated_at`) VALUES (88, 88, 2, '1971-09-09 20:48:56', '1986-06-15 19:22:21', '1999-07-27 00:48:07', '1998-04-28 00:56:48');
INSERT INTO `friendship` (`user_id`, `friend_id`, `status_id`, `requested_at`, `confirmed_at`, `created_at`, `updated_at`) VALUES (89, 89, 1, '1988-01-05 16:02:38', '1982-09-28 23:25:36', '1993-01-10 08:14:46', '1982-06-27 19:04:58');
INSERT INTO `friendship` (`user_id`, `friend_id`, `status_id`, `requested_at`, `confirmed_at`, `created_at`, `updated_at`) VALUES (90, 90, 2, '1998-06-28 19:11:25', '2009-05-11 15:57:59', '1995-01-11 02:35:41', '1976-06-22 23:33:06');
INSERT INTO `friendship` (`user_id`, `friend_id`, `status_id`, `requested_at`, `confirmed_at`, `created_at`, `updated_at`) VALUES (91, 91, 1, '1995-01-10 12:40:19', '1997-05-30 05:34:14', '1993-09-13 13:54:05', '1979-10-21 05:51:15');
INSERT INTO `friendship` (`user_id`, `friend_id`, `status_id`, `requested_at`, `confirmed_at`, `created_at`, `updated_at`) VALUES (92, 92, 2, '1985-03-17 08:17:10', '1996-11-14 08:38:42', '1988-01-01 10:28:27', '1996-03-28 07:59:36');
INSERT INTO `friendship` (`user_id`, `friend_id`, `status_id`, `requested_at`, `confirmed_at`, `created_at`, `updated_at`) VALUES (93, 93, 1, '1991-01-14 19:30:56', '2019-10-24 18:05:36', '2012-06-27 06:18:00', '1974-01-10 16:58:00');
INSERT INTO `friendship` (`user_id`, `friend_id`, `status_id`, `requested_at`, `confirmed_at`, `created_at`, `updated_at`) VALUES (94, 94, 2, '1986-01-05 01:00:27', '1975-08-03 08:57:43', '1974-01-17 12:58:25', '2000-07-26 16:13:46');
INSERT INTO `friendship` (`user_id`, `friend_id`, `status_id`, `requested_at`, `confirmed_at`, `created_at`, `updated_at`) VALUES (95, 95, 1, '2017-02-20 08:27:13', '1982-04-03 03:55:53', '2003-09-20 17:28:48', '2010-08-08 09:43:12');
INSERT INTO `friendship` (`user_id`, `friend_id`, `status_id`, `requested_at`, `confirmed_at`, `created_at`, `updated_at`) VALUES (96, 96, 2, '1987-03-16 17:45:07', '1977-06-14 22:51:15', '2011-10-12 12:00:52', '1994-05-15 12:13:43');
INSERT INTO `friendship` (`user_id`, `friend_id`, `status_id`, `requested_at`, `confirmed_at`, `created_at`, `updated_at`) VALUES (97, 97, 1, '1983-05-15 16:28:56', '2001-01-23 10:48:56', '2016-04-19 14:45:00', '2017-08-31 14:20:01');
INSERT INTO `friendship` (`user_id`, `friend_id`, `status_id`, `requested_at`, `confirmed_at`, `created_at`, `updated_at`) VALUES (98, 98, 2, '1973-06-01 03:31:36', '1976-07-19 15:26:18', '2018-01-09 21:56:09', '2004-02-02 14:57:54');
INSERT INTO `friendship` (`user_id`, `friend_id`, `status_id`, `requested_at`, `confirmed_at`, `created_at`, `updated_at`) VALUES (99, 99, 1, '2005-08-23 06:47:25', '1993-07-13 04:47:04', '1983-01-25 02:23:42', '2002-02-18 18:17:33');
INSERT INTO `friendship` (`user_id`, `friend_id`, `status_id`, `requested_at`, `confirmed_at`, `created_at`, `updated_at`) VALUES (100, 100, 2, '1977-01-23 06:04:37', '1996-09-17 07:46:10', '1977-12-26 06:30:03', '1971-01-01 06:56:52');


#
# TABLE STRUCTURE FOR: friendship_statuses
#

DROP TABLE IF EXISTS `friendship_statuses`;

CREATE TABLE `friendship_statuses` (
  `id` int(10) unsigned NOT NULL AUTO_INCREMENT,
  `name` varchar(150) COLLATE utf8_unicode_ci NOT NULL,
  `created_at` datetime DEFAULT current_timestamp(),
  `updated_at` datetime DEFAULT current_timestamp() ON UPDATE current_timestamp(),
  PRIMARY KEY (`id`),
  UNIQUE KEY `name` (`name`)
) ENGINE=InnoDB AUTO_INCREMENT=3 DEFAULT CHARSET=utf8 COLLATE=utf8_unicode_ci;

INSERT INTO `friendship_statuses` (`id`, `name`, `created_at`, `updated_at`) VALUES (1, 'friend', '2005-01-08 01:11:12', '1985-08-03 21:38:49');
INSERT INTO `friendship_statuses` (`id`, `name`, `created_at`, `updated_at`) VALUES (2, ' not_friend', '2012-06-23 17:20:40', '1974-12-29 16:07:37');


#
# TABLE STRUCTURE FOR: media
#

DROP TABLE IF EXISTS `media`;

CREATE TABLE `media` (
  `id` int(10) unsigned NOT NULL AUTO_INCREMENT,
  `user_id` int(10) unsigned NOT NULL,
  `filename` varchar(255) COLLATE utf8_unicode_ci NOT NULL,
  `size` int(11) NOT NULL,
  `metadata` longtext CHARACTER SET utf8mb4 COLLATE utf8mb4_bin DEFAULT NULL CHECK (json_valid(`metadata`)),
  `media_type_id` int(10) unsigned NOT NULL,
  `created_at` datetime DEFAULT current_timestamp(),
  `updated_at` datetime DEFAULT current_timestamp() ON UPDATE current_timestamp(),
  PRIMARY KEY (`id`)
) ENGINE=InnoDB AUTO_INCREMENT=51 DEFAULT CHARSET=utf8 COLLATE=utf8_unicode_ci;

INSERT INTO `media` (`id`, `user_id`, `filename`, `size`, `metadata`, `media_type_id`, `created_at`, `updated_at`) VALUES (1, 1, 'velit', 37, NULL, 1, '1972-06-02 23:12:38', '1975-05-09 17:53:44');
INSERT INTO `media` (`id`, `user_id`, `filename`, `size`, `metadata`, `media_type_id`, `created_at`, `updated_at`) VALUES (2, 2, 'omnis', 27, NULL, 2, '1988-03-29 03:48:50', '2000-05-09 15:00:52');
INSERT INTO `media` (`id`, `user_id`, `filename`, `size`, `metadata`, `media_type_id`, `created_at`, `updated_at`) VALUES (3, 3, 'dolorem', 43, NULL, 3, '2002-06-20 20:20:57', '2003-06-07 17:56:50');
INSERT INTO `media` (`id`, `user_id`, `filename`, `size`, `metadata`, `media_type_id`, `created_at`, `updated_at`) VALUES (4, 4, 'et', 22, NULL, 4, '1984-02-21 01:25:40', '2020-01-19 11:44:56');
INSERT INTO `media` (`id`, `user_id`, `filename`, `size`, `metadata`, `media_type_id`, `created_at`, `updated_at`) VALUES (5, 5, 'voluptate', 28, NULL, 5, '2007-09-22 17:48:12', '1976-05-31 01:46:57');
INSERT INTO `media` (`id`, `user_id`, `filename`, `size`, `metadata`, `media_type_id`, `created_at`, `updated_at`) VALUES (6, 6, 'dicta', 13, NULL, 1, '1970-10-24 09:33:46', '1985-02-25 12:12:34');
INSERT INTO `media` (`id`, `user_id`, `filename`, `size`, `metadata`, `media_type_id`, `created_at`, `updated_at`) VALUES (7, 7, 'voluptas', 0, NULL, 2, '2013-07-04 23:46:29', '1983-10-02 23:17:10');
INSERT INTO `media` (`id`, `user_id`, `filename`, `size`, `metadata`, `media_type_id`, `created_at`, `updated_at`) VALUES (8, 8, 'pariatur', 26, NULL, 3, '1986-08-05 05:17:47', '1971-06-19 12:42:50');
INSERT INTO `media` (`id`, `user_id`, `filename`, `size`, `metadata`, `media_type_id`, `created_at`, `updated_at`) VALUES (9, 9, 'beatae', 47, NULL, 4, '1977-12-26 14:52:30', '2016-10-19 22:21:51');
INSERT INTO `media` (`id`, `user_id`, `filename`, `size`, `metadata`, `media_type_id`, `created_at`, `updated_at`) VALUES (10, 10, 'molestiae', 40, NULL, 5, '1971-03-13 05:00:03', '1973-09-20 12:52:41');
INSERT INTO `media` (`id`, `user_id`, `filename`, `size`, `metadata`, `media_type_id`, `created_at`, `updated_at`) VALUES (11, 11, 'tenetur', 8, NULL, 1, '1971-01-21 23:34:12', '2011-01-11 03:17:57');
INSERT INTO `media` (`id`, `user_id`, `filename`, `size`, `metadata`, `media_type_id`, `created_at`, `updated_at`) VALUES (12, 12, 'et', 25, NULL, 2, '2001-07-24 07:47:29', '2017-12-28 12:04:14');
INSERT INTO `media` (`id`, `user_id`, `filename`, `size`, `metadata`, `media_type_id`, `created_at`, `updated_at`) VALUES (13, 13, 'beatae', 19, NULL, 3, '1992-05-01 08:37:16', '1995-04-19 04:00:44');
INSERT INTO `media` (`id`, `user_id`, `filename`, `size`, `metadata`, `media_type_id`, `created_at`, `updated_at`) VALUES (14, 14, 'rerum', 44, NULL, 4, '2007-07-14 20:49:51', '1980-03-31 04:58:42');
INSERT INTO `media` (`id`, `user_id`, `filename`, `size`, `metadata`, `media_type_id`, `created_at`, `updated_at`) VALUES (15, 15, 'consequatur', 16, NULL, 5, '1985-03-06 16:27:16', '2010-04-18 06:31:12');
INSERT INTO `media` (`id`, `user_id`, `filename`, `size`, `metadata`, `media_type_id`, `created_at`, `updated_at`) VALUES (16, 16, 'beatae', 11, NULL, 1, '1987-03-15 08:37:36', '1970-01-22 05:43:25');
INSERT INTO `media` (`id`, `user_id`, `filename`, `size`, `metadata`, `media_type_id`, `created_at`, `updated_at`) VALUES (17, 17, 'aut', 38, NULL, 2, '2009-09-18 06:28:41', '2015-11-14 10:22:29');
INSERT INTO `media` (`id`, `user_id`, `filename`, `size`, `metadata`, `media_type_id`, `created_at`, `updated_at`) VALUES (18, 18, 'est', 13, NULL, 3, '1981-02-04 04:02:59', '1990-07-31 17:31:53');
INSERT INTO `media` (`id`, `user_id`, `filename`, `size`, `metadata`, `media_type_id`, `created_at`, `updated_at`) VALUES (19, 19, 'quidem', 37, NULL, 4, '1988-05-24 18:11:04', '1992-09-19 08:11:53');
INSERT INTO `media` (`id`, `user_id`, `filename`, `size`, `metadata`, `media_type_id`, `created_at`, `updated_at`) VALUES (20, 20, 'non', 45, NULL, 5, '2007-08-19 12:37:14', '1994-11-08 20:52:37');
INSERT INTO `media` (`id`, `user_id`, `filename`, `size`, `metadata`, `media_type_id`, `created_at`, `updated_at`) VALUES (21, 21, 'velit', 29, NULL, 1, '1973-06-10 00:07:19', '1990-02-22 17:55:33');
INSERT INTO `media` (`id`, `user_id`, `filename`, `size`, `metadata`, `media_type_id`, `created_at`, `updated_at`) VALUES (22, 22, 'tempore', 4, NULL, 2, '2010-05-27 08:48:16', '1977-01-07 14:18:08');
INSERT INTO `media` (`id`, `user_id`, `filename`, `size`, `metadata`, `media_type_id`, `created_at`, `updated_at`) VALUES (23, 23, 'ipsa', 46, NULL, 3, '1992-10-24 10:37:42', '1984-05-22 15:23:38');
INSERT INTO `media` (`id`, `user_id`, `filename`, `size`, `metadata`, `media_type_id`, `created_at`, `updated_at`) VALUES (24, 24, 'repudiandae', 29, NULL, 4, '1995-11-17 21:41:38', '1982-11-19 17:10:01');
INSERT INTO `media` (`id`, `user_id`, `filename`, `size`, `metadata`, `media_type_id`, `created_at`, `updated_at`) VALUES (25, 25, 'commodi', 12, NULL, 5, '1995-08-20 01:20:58', '1970-07-13 09:50:25');
INSERT INTO `media` (`id`, `user_id`, `filename`, `size`, `metadata`, `media_type_id`, `created_at`, `updated_at`) VALUES (26, 26, 'reiciendis', 30, NULL, 1, '1993-12-31 04:37:22', '2018-08-14 08:37:27');
INSERT INTO `media` (`id`, `user_id`, `filename`, `size`, `metadata`, `media_type_id`, `created_at`, `updated_at`) VALUES (27, 27, 'excepturi', 28, NULL, 2, '1972-03-12 19:15:18', '1973-04-03 06:48:09');
INSERT INTO `media` (`id`, `user_id`, `filename`, `size`, `metadata`, `media_type_id`, `created_at`, `updated_at`) VALUES (28, 28, 'accusamus', 1, NULL, 3, '1979-05-06 00:47:07', '1977-11-01 13:26:04');
INSERT INTO `media` (`id`, `user_id`, `filename`, `size`, `metadata`, `media_type_id`, `created_at`, `updated_at`) VALUES (29, 29, 'voluptas', 13, NULL, 4, '2012-03-19 10:02:13', '1998-11-03 12:27:50');
INSERT INTO `media` (`id`, `user_id`, `filename`, `size`, `metadata`, `media_type_id`, `created_at`, `updated_at`) VALUES (30, 30, 'aut', 0, NULL, 5, '2018-07-02 01:28:04', '2001-05-19 02:32:25');
INSERT INTO `media` (`id`, `user_id`, `filename`, `size`, `metadata`, `media_type_id`, `created_at`, `updated_at`) VALUES (31, 31, 'atque', 26, NULL, 1, '2009-12-12 20:28:30', '1988-12-13 20:33:04');
INSERT INTO `media` (`id`, `user_id`, `filename`, `size`, `metadata`, `media_type_id`, `created_at`, `updated_at`) VALUES (32, 32, 'et', 8, NULL, 2, '2017-11-28 10:43:52', '1989-03-01 12:19:17');
INSERT INTO `media` (`id`, `user_id`, `filename`, `size`, `metadata`, `media_type_id`, `created_at`, `updated_at`) VALUES (33, 33, 'consectetur', 20, NULL, 3, '1973-12-12 10:34:57', '1975-08-12 21:46:00');
INSERT INTO `media` (`id`, `user_id`, `filename`, `size`, `metadata`, `media_type_id`, `created_at`, `updated_at`) VALUES (34, 34, 'perferendis', 29, NULL, 4, '2020-01-08 19:49:03', '2007-08-29 04:54:28');
INSERT INTO `media` (`id`, `user_id`, `filename`, `size`, `metadata`, `media_type_id`, `created_at`, `updated_at`) VALUES (35, 35, 'dignissimos', 9, NULL, 5, '2001-07-15 00:37:49', '1987-05-30 04:18:55');
INSERT INTO `media` (`id`, `user_id`, `filename`, `size`, `metadata`, `media_type_id`, `created_at`, `updated_at`) VALUES (36, 36, 'in', 35, NULL, 1, '1987-05-11 15:49:16', '1997-01-04 12:13:55');
INSERT INTO `media` (`id`, `user_id`, `filename`, `size`, `metadata`, `media_type_id`, `created_at`, `updated_at`) VALUES (37, 37, 'quidem', 37, NULL, 2, '1982-05-13 08:31:58', '1990-07-06 12:20:04');
INSERT INTO `media` (`id`, `user_id`, `filename`, `size`, `metadata`, `media_type_id`, `created_at`, `updated_at`) VALUES (38, 38, 'quod', 35, NULL, 3, '1984-10-05 17:45:41', '1988-05-29 22:36:50');
INSERT INTO `media` (`id`, `user_id`, `filename`, `size`, `metadata`, `media_type_id`, `created_at`, `updated_at`) VALUES (39, 39, 'et', 39, NULL, 4, '1997-12-18 23:35:14', '2019-09-14 19:56:58');
INSERT INTO `media` (`id`, `user_id`, `filename`, `size`, `metadata`, `media_type_id`, `created_at`, `updated_at`) VALUES (40, 40, 'voluptatem', 19, NULL, 5, '2005-07-31 13:49:14', '1977-06-05 03:17:29');
INSERT INTO `media` (`id`, `user_id`, `filename`, `size`, `metadata`, `media_type_id`, `created_at`, `updated_at`) VALUES (41, 41, 'quo', 9, NULL, 1, '2007-08-03 18:21:54', '2012-05-18 13:22:33');
INSERT INTO `media` (`id`, `user_id`, `filename`, `size`, `metadata`, `media_type_id`, `created_at`, `updated_at`) VALUES (42, 42, 'vitae', 35, NULL, 2, '1988-02-02 05:04:58', '2013-07-09 08:53:15');
INSERT INTO `media` (`id`, `user_id`, `filename`, `size`, `metadata`, `media_type_id`, `created_at`, `updated_at`) VALUES (43, 43, 'cupiditate', 29, NULL, 3, '1998-03-09 18:18:34', '2013-08-21 05:29:38');
INSERT INTO `media` (`id`, `user_id`, `filename`, `size`, `metadata`, `media_type_id`, `created_at`, `updated_at`) VALUES (44, 44, 'autem', 23, NULL, 4, '2006-05-20 09:45:42', '1986-06-12 10:00:20');
INSERT INTO `media` (`id`, `user_id`, `filename`, `size`, `metadata`, `media_type_id`, `created_at`, `updated_at`) VALUES (45, 45, 'placeat', 39, NULL, 5, '1976-09-16 18:00:57', '2003-04-12 03:44:30');
INSERT INTO `media` (`id`, `user_id`, `filename`, `size`, `metadata`, `media_type_id`, `created_at`, `updated_at`) VALUES (46, 46, 'expedita', 36, NULL, 1, '2017-07-10 17:33:09', '1987-06-07 04:35:25');
INSERT INTO `media` (`id`, `user_id`, `filename`, `size`, `metadata`, `media_type_id`, `created_at`, `updated_at`) VALUES (47, 47, 'autem', 18, NULL, 2, '1977-09-23 02:43:24', '1976-04-18 06:08:15');
INSERT INTO `media` (`id`, `user_id`, `filename`, `size`, `metadata`, `media_type_id`, `created_at`, `updated_at`) VALUES (48, 48, 'architecto', 38, NULL, 3, '1983-04-26 11:21:29', '2002-10-01 12:30:47');
INSERT INTO `media` (`id`, `user_id`, `filename`, `size`, `metadata`, `media_type_id`, `created_at`, `updated_at`) VALUES (49, 49, 'nemo', 11, NULL, 4, '2007-02-19 15:42:38', '2012-05-17 17:41:20');
INSERT INTO `media` (`id`, `user_id`, `filename`, `size`, `metadata`, `media_type_id`, `created_at`, `updated_at`) VALUES (50, 50, 'labore', 20, NULL, 5, '1987-06-28 09:10:20', '1997-11-02 08:35:40');


#
# TABLE STRUCTURE FOR: media_types
#

DROP TABLE IF EXISTS `media_types`;

CREATE TABLE `media_types` (
  `id` int(10) unsigned NOT NULL AUTO_INCREMENT,
  `name` varchar(255) COLLATE utf8_unicode_ci NOT NULL,
  `created_at` datetime DEFAULT current_timestamp(),
  `updated_at` datetime DEFAULT current_timestamp() ON UPDATE current_timestamp(),
  PRIMARY KEY (`id`),
  UNIQUE KEY `name` (`name`)
) ENGINE=InnoDB AUTO_INCREMENT=6 DEFAULT CHARSET=utf8 COLLATE=utf8_unicode_ci;

INSERT INTO `media_types` (`id`, `name`, `created_at`, `updated_at`) VALUES (1, 'wav', '1982-08-20 05:22:11', '1989-04-21 09:15:49');
INSERT INTO `media_types` (`id`, `name`, `created_at`, `updated_at`) VALUES (2, 'mp4', '1990-11-07 15:58:45', '1976-05-31 02:37:06');
INSERT INTO `media_types` (`id`, `name`, `created_at`, `updated_at`) VALUES (3, '3gp', '1997-01-12 21:22:45', '2006-07-06 19:27:02');
INSERT INTO `media_types` (`id`, `name`, `created_at`, `updated_at`) VALUES (4, 'mp3', '1983-02-12 00:13:41', '1972-12-26 22:29:32');
INSERT INTO `media_types` (`id`, `name`, `created_at`, `updated_at`) VALUES (5, 'psk', '2003-10-25 13:31:22', '1986-05-31 05:45:54');


#
# TABLE STRUCTURE FOR: messages
#

DROP TABLE IF EXISTS `messages`;

CREATE TABLE `messages` (
  `id` int(10) unsigned NOT NULL AUTO_INCREMENT,
  `from_user_id` int(10) unsigned NOT NULL,
  `to_user_id` int(10) unsigned NOT NULL,
  `body` text COLLATE utf8_unicode_ci NOT NULL,
  `is_important` tinyint(1) DEFAULT NULL,
  `is_delivered` tinyint(1) DEFAULT NULL,
  `created_at` datetime DEFAULT current_timestamp(),
  PRIMARY KEY (`id`)
) ENGINE=InnoDB AUTO_INCREMENT=501 DEFAULT CHARSET=utf8 COLLATE=utf8_unicode_ci;

INSERT INTO `messages` (`id`, `from_user_id`, `to_user_id`, `body`, `is_important`, `is_delivered`, `created_at`) VALUES (1, 67, 10, 'Labore id illum nihil molestias saepe vero. Nihil molestiae explicabo similique incidunt. Eaque officiis neque voluptatibus doloremque excepturi commodi.', 1, 0, '1988-07-13 18:01:29');
INSERT INTO `messages` (`id`, `from_user_id`, `to_user_id`, `body`, `is_important`, `is_delivered`, `created_at`) VALUES (2, 76, 69, 'Animi cupiditate dicta ratione cumque. Eos aut consectetur adipisci et quisquam. Quia iusto dolores rerum eos.', 1, 1, '2019-10-23 19:14:19');
INSERT INTO `messages` (`id`, `from_user_id`, `to_user_id`, `body`, `is_important`, `is_delivered`, `created_at`) VALUES (3, 98, 43, 'Dolores dolor in quo consequuntur. Deserunt nesciunt nemo tempora quis et quasi. Reprehenderit pariatur fuga non.', 0, 1, '1988-08-11 14:31:40');
INSERT INTO `messages` (`id`, `from_user_id`, `to_user_id`, `body`, `is_important`, `is_delivered`, `created_at`) VALUES (4, 85, 93, 'Sint aliquam tempora amet ea et molestiae illum ullam. Tempora consequuntur perferendis quibusdam qui. Quae ut consequatur a.', 0, 0, '2006-09-13 02:49:34');
INSERT INTO `messages` (`id`, `from_user_id`, `to_user_id`, `body`, `is_important`, `is_delivered`, `created_at`) VALUES (5, 16, 64, 'Quas rerum omnis nostrum sint architecto. Magni a consequatur iste. Deserunt voluptatem eveniet est illum facilis eum amet.', 1, 0, '2008-04-01 06:21:33');
INSERT INTO `messages` (`id`, `from_user_id`, `to_user_id`, `body`, `is_important`, `is_delivered`, `created_at`) VALUES (6, 5, 86, 'Nobis molestiae iste quibusdam nihil neque quia. Et molestiae omnis occaecati blanditiis est libero est. Nulla doloribus fugit dolorum.', 0, 1, '1999-03-19 13:34:38');
INSERT INTO `messages` (`id`, `from_user_id`, `to_user_id`, `body`, `is_important`, `is_delivered`, `created_at`) VALUES (7, 57, 55, 'Ducimus enim adipisci animi. Earum molestias quas voluptatem unde est eveniet. Laborum perspiciatis tempore dolorem eius. Vel et atque sequi sit.', 1, 1, '2018-07-23 11:35:39');
INSERT INTO `messages` (`id`, `from_user_id`, `to_user_id`, `body`, `is_important`, `is_delivered`, `created_at`) VALUES (8, 35, 84, 'Inventore ipsam dolorem facere. Animi similique ut quos tempore. Rem ducimus temporibus qui a.', 1, 1, '1970-05-09 11:17:40');
INSERT INTO `messages` (`id`, `from_user_id`, `to_user_id`, `body`, `is_important`, `is_delivered`, `created_at`) VALUES (9, 22, 49, 'Minima repudiandae dolorum et qui itaque ratione. Voluptatem enim aliquam esse officiis. Cum in quis in autem ducimus. Dolorum eius quo dolorem.', 1, 0, '1995-11-09 11:43:46');
INSERT INTO `messages` (`id`, `from_user_id`, `to_user_id`, `body`, `is_important`, `is_delivered`, `created_at`) VALUES (10, 96, 10, 'Quidem ad dicta saepe. Id est et facilis placeat consequatur qui. Maxime eos eaque animi eos aut nisi.', 1, 1, '1993-10-26 14:41:36');
INSERT INTO `messages` (`id`, `from_user_id`, `to_user_id`, `body`, `is_important`, `is_delivered`, `created_at`) VALUES (11, 41, 22, 'Deleniti iusto eum explicabo at quia voluptas. Magnam aut sit asperiores officiis autem sed animi. Quo non ad sint. Corrupti est consequatur sapiente illo aut quaerat.', 1, 0, '1986-08-08 04:26:46');
INSERT INTO `messages` (`id`, `from_user_id`, `to_user_id`, `body`, `is_important`, `is_delivered`, `created_at`) VALUES (12, 72, 43, 'Maxime eum inventore dolor dolor quas ea placeat. Autem quia voluptatem quis illo accusantium ad vel. Quaerat magnam animi dolor neque assumenda. Nihil quasi asperiores expedita provident aut provident.', 0, 0, '1994-04-02 15:13:39');
INSERT INTO `messages` (`id`, `from_user_id`, `to_user_id`, `body`, `is_important`, `is_delivered`, `created_at`) VALUES (13, 75, 31, 'Sunt aut sit cum corrupti soluta officia id eum. Eveniet tempore assumenda aut sed sit. Earum ut nam laboriosam ullam voluptas molestiae ut itaque. Dicta natus qui molestiae consequuntur.', 1, 1, '2004-05-07 02:20:19');
INSERT INTO `messages` (`id`, `from_user_id`, `to_user_id`, `body`, `is_important`, `is_delivered`, `created_at`) VALUES (14, 21, 65, 'Temporibus rerum eveniet vitae in. Amet ipsa quae et vel quo. Minima distinctio deserunt harum consequatur alias qui. Error ut consectetur autem et perferendis doloribus.', 1, 1, '2019-01-26 23:54:51');
INSERT INTO `messages` (`id`, `from_user_id`, `to_user_id`, `body`, `is_important`, `is_delivered`, `created_at`) VALUES (15, 4, 18, 'Eaque doloremque veniam itaque dolorum nostrum. Voluptatum quaerat reiciendis tempore voluptatibus autem et. Sequi non dicta ex mollitia consectetur harum. Unde fuga natus voluptas occaecati qui sunt. At doloribus voluptas odit id.', 1, 0, '2001-09-02 19:25:01');
INSERT INTO `messages` (`id`, `from_user_id`, `to_user_id`, `body`, `is_important`, `is_delivered`, `created_at`) VALUES (16, 34, 67, 'Non quasi illo dicta autem vel. Qui unde eaque doloremque quasi voluptatem harum. Corrupti doloribus rerum et. Impedit distinctio placeat est qui veritatis voluptas.', 1, 1, '2004-09-15 17:03:40');
INSERT INTO `messages` (`id`, `from_user_id`, `to_user_id`, `body`, `is_important`, `is_delivered`, `created_at`) VALUES (17, 93, 53, 'In ut sequi aut. Perferendis iste aliquam aperiam eaque aut ratione. Nihil quas quam molestias quae aut optio suscipit.', 0, 0, '1988-10-09 18:46:38');
INSERT INTO `messages` (`id`, `from_user_id`, `to_user_id`, `body`, `is_important`, `is_delivered`, `created_at`) VALUES (18, 44, 28, 'Voluptas commodi velit dolorem laboriosam expedita minus. Adipisci perferendis numquam quaerat ex deleniti sunt. Reiciendis id illo quibusdam veniam est laudantium. Molestiae facilis aspernatur voluptas a animi et.', 0, 0, '1977-02-15 11:21:00');
INSERT INTO `messages` (`id`, `from_user_id`, `to_user_id`, `body`, `is_important`, `is_delivered`, `created_at`) VALUES (19, 54, 61, 'Porro ea aliquam dolor modi quasi. In architecto earum nemo. Sunt voluptas earum voluptatem voluptatem maiores ex ex.', 1, 0, '2008-01-04 03:55:35');
INSERT INTO `messages` (`id`, `from_user_id`, `to_user_id`, `body`, `is_important`, `is_delivered`, `created_at`) VALUES (20, 50, 99, 'Autem earum porro quia illo enim officiis rerum. Harum totam aspernatur id dolor officiis aut pariatur explicabo. Doloribus voluptates et et magnam. Aspernatur quidem sint corporis aliquam.', 1, 0, '1972-02-11 22:03:35');
INSERT INTO `messages` (`id`, `from_user_id`, `to_user_id`, `body`, `is_important`, `is_delivered`, `created_at`) VALUES (21, 99, 69, 'Quam dolorem architecto ipsum tempore autem. Sed occaecati sit natus qui sunt. Omnis corporis in rerum quasi deleniti veniam expedita. Ducimus impedit quis ut modi provident labore.', 1, 1, '2004-04-02 10:23:55');
INSERT INTO `messages` (`id`, `from_user_id`, `to_user_id`, `body`, `is_important`, `is_delivered`, `created_at`) VALUES (22, 39, 10, 'Quia vel occaecati in ab officiis aut quia. Amet ipsum delectus deleniti sed. Maxime itaque aperiam laboriosam doloribus quae aperiam commodi. Non eos nesciunt quaerat autem.', 1, 0, '2016-02-13 12:15:04');
INSERT INTO `messages` (`id`, `from_user_id`, `to_user_id`, `body`, `is_important`, `is_delivered`, `created_at`) VALUES (23, 51, 22, 'Praesentium odio voluptatem iure nam voluptates cupiditate. Id dolore et exercitationem dolorem omnis minus est. Quas eius odit perspiciatis voluptatum perferendis.', 0, 0, '1975-08-31 13:45:29');
INSERT INTO `messages` (`id`, `from_user_id`, `to_user_id`, `body`, `is_important`, `is_delivered`, `created_at`) VALUES (24, 33, 56, 'Repellendus reiciendis voluptatem qui quae. Minus officia sed aut. Et esse consequatur est numquam in velit.', 0, 1, '2003-09-30 13:18:16');
INSERT INTO `messages` (`id`, `from_user_id`, `to_user_id`, `body`, `is_important`, `is_delivered`, `created_at`) VALUES (25, 4, 54, 'Minus aliquam iste optio sit odit vitae. Voluptatum enim officiis sint rerum sit ut. Magni consectetur illo quos enim debitis non doloremque.', 1, 1, '1993-12-02 03:12:41');
INSERT INTO `messages` (`id`, `from_user_id`, `to_user_id`, `body`, `is_important`, `is_delivered`, `created_at`) VALUES (26, 8, 54, 'Et blanditiis eos ad saepe voluptas iste est. Adipisci temporibus dolorum rerum corporis sed recusandae laboriosam delectus. Voluptatem iusto commodi eum voluptas repudiandae.', 0, 0, '1974-02-08 06:25:13');
INSERT INTO `messages` (`id`, `from_user_id`, `to_user_id`, `body`, `is_important`, `is_delivered`, `created_at`) VALUES (27, 2, 56, 'Accusamus ab est est aut et consequuntur. Autem expedita expedita et soluta inventore.', 1, 1, '2001-05-22 00:00:50');
INSERT INTO `messages` (`id`, `from_user_id`, `to_user_id`, `body`, `is_important`, `is_delivered`, `created_at`) VALUES (28, 26, 4, 'Totam aut est id itaque. Soluta ipsum rerum qui mollitia nulla. Voluptates ut tempore illum quo voluptatem ut.', 1, 1, '2007-07-31 10:19:04');
INSERT INTO `messages` (`id`, `from_user_id`, `to_user_id`, `body`, `is_important`, `is_delivered`, `created_at`) VALUES (29, 56, 94, 'Placeat minus fugit quos est inventore aliquid. Rerum aspernatur dolores autem est et reprehenderit soluta. Tempore et eos dolor.', 0, 1, '1999-01-22 06:24:29');
INSERT INTO `messages` (`id`, `from_user_id`, `to_user_id`, `body`, `is_important`, `is_delivered`, `created_at`) VALUES (30, 12, 70, 'Odio dicta facere alias est animi ad. Quas error pariatur maiores dolor aut tempore. Quaerat est non qui deleniti cupiditate rerum repellat. Eaque quos nobis deserunt non est.', 1, 1, '1987-05-04 06:59:41');
INSERT INTO `messages` (`id`, `from_user_id`, `to_user_id`, `body`, `is_important`, `is_delivered`, `created_at`) VALUES (31, 15, 94, 'Id aut voluptatum molestiae voluptatem aut voluptatem quidem. Voluptates iste ad itaque ut distinctio nam voluptas sit. Aut quam et exercitationem odio rerum illo.', 0, 0, '1972-03-15 09:10:51');
INSERT INTO `messages` (`id`, `from_user_id`, `to_user_id`, `body`, `is_important`, `is_delivered`, `created_at`) VALUES (32, 6, 11, 'Tenetur est placeat corporis repudiandae. Officia aut facilis voluptatem in. Distinctio minus repudiandae dignissimos eos tempore. Perspiciatis suscipit sit quia sunt quasi quasi.', 1, 0, '1984-10-03 17:45:04');
INSERT INTO `messages` (`id`, `from_user_id`, `to_user_id`, `body`, `is_important`, `is_delivered`, `created_at`) VALUES (33, 54, 8, 'Possimus fuga consequatur et corporis. Eos velit quibusdam qui beatae eveniet consectetur. Fuga nulla nemo eius. Laudantium qui repudiandae non culpa ipsam pariatur natus.', 1, 0, '1970-04-09 15:37:14');
INSERT INTO `messages` (`id`, `from_user_id`, `to_user_id`, `body`, `is_important`, `is_delivered`, `created_at`) VALUES (34, 22, 11, 'Et id vel eos ipsam. Mollitia minima est impedit saepe. Sit consequatur id quisquam et eos.', 0, 1, '2020-04-28 04:27:58');
INSERT INTO `messages` (`id`, `from_user_id`, `to_user_id`, `body`, `is_important`, `is_delivered`, `created_at`) VALUES (35, 48, 87, 'Dolore aut amet error et nisi dolor. Odio adipisci aut et eius quod excepturi ipsa. Iste labore impedit reiciendis expedita iste sunt.', 0, 1, '1972-07-26 22:38:32');
INSERT INTO `messages` (`id`, `from_user_id`, `to_user_id`, `body`, `is_important`, `is_delivered`, `created_at`) VALUES (36, 45, 75, 'Et dolorem exercitationem qui pariatur totam modi. Et aut id rem enim cum omnis aut dolores. Consectetur itaque facere officiis.', 0, 0, '1989-07-11 14:56:20');
INSERT INTO `messages` (`id`, `from_user_id`, `to_user_id`, `body`, `is_important`, `is_delivered`, `created_at`) VALUES (37, 49, 5, 'Eius ea sit tenetur ut repudiandae aut perferendis est. Molestias ad ducimus voluptatem aut quidem. Possimus voluptatem iste rerum dicta.', 1, 1, '1997-03-08 23:29:03');
INSERT INTO `messages` (`id`, `from_user_id`, `to_user_id`, `body`, `is_important`, `is_delivered`, `created_at`) VALUES (38, 54, 72, 'Rem perspiciatis laborum dolore saepe perspiciatis ut. Nostrum aut numquam iure ea sequi minima dolores. Minima quidem ipsa ea pariatur et et. Perferendis sint non error maiores dolores. Corporis mollitia nisi culpa sequi.', 1, 0, '2005-06-13 07:15:16');
INSERT INTO `messages` (`id`, `from_user_id`, `to_user_id`, `body`, `is_important`, `is_delivered`, `created_at`) VALUES (39, 34, 60, 'Quia et cum ut ut error aut aspernatur. Quis iure itaque consectetur. Eum deleniti sint voluptatem enim.', 0, 0, '1975-08-25 03:12:38');
INSERT INTO `messages` (`id`, `from_user_id`, `to_user_id`, `body`, `is_important`, `is_delivered`, `created_at`) VALUES (40, 27, 4, 'Quis reiciendis ut enim aut debitis repudiandae debitis. Alias voluptate excepturi temporibus quae velit assumenda tempore. Qui aut dolorum totam et in qui. Libero consequuntur aliquid corporis quia ut harum.', 0, 0, '1982-05-05 12:15:02');
INSERT INTO `messages` (`id`, `from_user_id`, `to_user_id`, `body`, `is_important`, `is_delivered`, `created_at`) VALUES (41, 14, 50, 'Qui nesciunt aut aut nemo possimus natus nisi. Iste accusantium est quos et magnam quod. Aut quia ratione rerum et aspernatur dicta. Ut qui quia iste ducimus.', 0, 1, '1971-10-24 12:56:23');
INSERT INTO `messages` (`id`, `from_user_id`, `to_user_id`, `body`, `is_important`, `is_delivered`, `created_at`) VALUES (42, 34, 70, 'Similique corporis earum ducimus qui et dolorum expedita fugit. Eos consequatur quibusdam non nobis voluptatibus. Voluptatem inventore et pariatur et omnis libero. Explicabo aut laudantium soluta quibusdam ratione cum.', 0, 0, '2005-03-13 22:55:40');
INSERT INTO `messages` (`id`, `from_user_id`, `to_user_id`, `body`, `is_important`, `is_delivered`, `created_at`) VALUES (43, 55, 74, 'Occaecati omnis doloremque voluptatem totam dolorum enim vero. Voluptas vel laborum distinctio dolorem. Sit reiciendis blanditiis quis sunt doloribus et. Veniam consequuntur voluptatum numquam ipsa eius.', 0, 1, '2008-02-10 04:19:57');
INSERT INTO `messages` (`id`, `from_user_id`, `to_user_id`, `body`, `is_important`, `is_delivered`, `created_at`) VALUES (44, 8, 38, 'Ut odio sapiente autem labore nihil et. Minima ipsam nemo alias est cumque repellat ipsum. Omnis atque consequatur veritatis aut.', 1, 0, '2005-02-25 17:17:48');
INSERT INTO `messages` (`id`, `from_user_id`, `to_user_id`, `body`, `is_important`, `is_delivered`, `created_at`) VALUES (45, 38, 27, 'Et doloremque sed alias illum hic. Adipisci qui est sint libero ut non aut totam.', 1, 1, '1979-08-09 09:13:05');
INSERT INTO `messages` (`id`, `from_user_id`, `to_user_id`, `body`, `is_important`, `is_delivered`, `created_at`) VALUES (46, 99, 6, 'Iste placeat odit aspernatur voluptatem. Quo sint enim porro et voluptatem a laborum inventore. Voluptatum blanditiis soluta qui sunt quibusdam.', 1, 0, '1972-02-04 04:22:46');
INSERT INTO `messages` (`id`, `from_user_id`, `to_user_id`, `body`, `is_important`, `is_delivered`, `created_at`) VALUES (47, 79, 8, 'Cum eum libero consectetur in modi consequatur impedit. Eligendi ipsa expedita et voluptatem ipsam. Dolor nemo eveniet perferendis commodi nemo excepturi optio. Nam rerum architecto sunt nostrum vero praesentium.', 0, 1, '1984-05-26 12:31:52');
INSERT INTO `messages` (`id`, `from_user_id`, `to_user_id`, `body`, `is_important`, `is_delivered`, `created_at`) VALUES (48, 98, 78, 'Voluptatem quis dignissimos possimus voluptatem. Provident quas sunt odit sequi voluptas est. Earum iure beatae nihil cupiditate consequuntur. Qui laboriosam aliquid beatae blanditiis ipsam eius amet.', 1, 1, '2006-01-12 15:47:21');
INSERT INTO `messages` (`id`, `from_user_id`, `to_user_id`, `body`, `is_important`, `is_delivered`, `created_at`) VALUES (49, 96, 61, 'Unde ab eaque cumque perferendis quo voluptatem. Explicabo consequuntur id accusantium corrupti et eum. Autem dolore eum aperiam tenetur.', 1, 0, '1981-01-03 09:17:07');
INSERT INTO `messages` (`id`, `from_user_id`, `to_user_id`, `body`, `is_important`, `is_delivered`, `created_at`) VALUES (50, 2, 4, 'Earum et eum quas reprehenderit enim. Eum voluptatem officiis rerum alias et facere impedit. Qui sunt molestiae reiciendis quo.', 0, 1, '1984-09-05 19:28:19');
INSERT INTO `messages` (`id`, `from_user_id`, `to_user_id`, `body`, `is_important`, `is_delivered`, `created_at`) VALUES (51, 18, 95, 'Nobis officiis aliquid enim et reprehenderit totam iste. Id aliquam a nihil in error eligendi dolor. Sapiente maiores explicabo aspernatur mollitia quis.', 1, 0, '2007-03-24 23:06:22');
INSERT INTO `messages` (`id`, `from_user_id`, `to_user_id`, `body`, `is_important`, `is_delivered`, `created_at`) VALUES (52, 5, 3, 'Aut facere tempore adipisci qui eum quis unde. Provident omnis repellat ipsum adipisci qui. Consequatur sit libero itaque eveniet omnis eius illum aliquam. Sapiente qui nesciunt ut eveniet similique et magnam.', 0, 1, '1987-02-08 10:22:18');
INSERT INTO `messages` (`id`, `from_user_id`, `to_user_id`, `body`, `is_important`, `is_delivered`, `created_at`) VALUES (53, 59, 54, 'Qui aspernatur velit dolores et commodi. Dignissimos tempore aliquid modi in. Officiis sed fugit odit sequi dignissimos facilis. Et consequuntur omnis eum harum.', 0, 0, '1979-05-16 04:03:16');
INSERT INTO `messages` (`id`, `from_user_id`, `to_user_id`, `body`, `is_important`, `is_delivered`, `created_at`) VALUES (54, 9, 97, 'Fugit quia totam aut. Et tenetur expedita nisi sed. Quia sit dolore dicta sed.', 1, 1, '2012-10-15 14:28:18');
INSERT INTO `messages` (`id`, `from_user_id`, `to_user_id`, `body`, `is_important`, `is_delivered`, `created_at`) VALUES (55, 8, 27, 'Dolores hic recusandae vitae et cum. Placeat totam voluptas aliquam nobis. Consequuntur saepe et ab optio qui quam. Amet itaque aut corrupti autem et harum.', 0, 0, '1982-10-15 18:51:28');
INSERT INTO `messages` (`id`, `from_user_id`, `to_user_id`, `body`, `is_important`, `is_delivered`, `created_at`) VALUES (56, 63, 88, 'Inventore aut totam ab voluptas officia voluptas facilis. Dolore tempora velit repellendus. Tempora inventore et maxime sed ut.', 0, 1, '1993-03-31 03:48:02');
INSERT INTO `messages` (`id`, `from_user_id`, `to_user_id`, `body`, `is_important`, `is_delivered`, `created_at`) VALUES (57, 48, 91, 'Quia similique qui aut vero non aut earum. Quasi sed cumque sunt enim. Omnis voluptatem autem enim occaecati nihil. Optio illum architecto et ullam nesciunt fuga. Perspiciatis praesentium et sint soluta.', 1, 1, '2008-04-17 23:07:10');
INSERT INTO `messages` (`id`, `from_user_id`, `to_user_id`, `body`, `is_important`, `is_delivered`, `created_at`) VALUES (58, 63, 6, 'Nulla error qui aut id et eum unde quis. Ipsa est ex aperiam fuga eveniet eos aut nobis. Doloremque non neque et quisquam natus labore qui.', 0, 0, '2003-10-22 00:54:46');
INSERT INTO `messages` (`id`, `from_user_id`, `to_user_id`, `body`, `is_important`, `is_delivered`, `created_at`) VALUES (59, 10, 60, 'Qui corporis ipsum tempora eum incidunt odit ipsum cum. Sint placeat sunt perspiciatis aspernatur et doloremque voluptas. Doloremque libero doloremque fugit velit.', 1, 0, '1977-06-03 21:08:11');
INSERT INTO `messages` (`id`, `from_user_id`, `to_user_id`, `body`, `is_important`, `is_delivered`, `created_at`) VALUES (60, 60, 32, 'Voluptatem quis expedita cupiditate deleniti in. Dolorem amet vel ullam officiis corrupti quo molestiae. Ut non et voluptatem placeat eos.', 1, 0, '2000-11-18 23:17:09');
INSERT INTO `messages` (`id`, `from_user_id`, `to_user_id`, `body`, `is_important`, `is_delivered`, `created_at`) VALUES (61, 99, 41, 'Sint omnis distinctio consequatur commodi suscipit est. Corrupti tempore earum velit voluptatum. Et consequatur velit et odio dolor.', 0, 1, '1978-11-20 03:11:46');
INSERT INTO `messages` (`id`, `from_user_id`, `to_user_id`, `body`, `is_important`, `is_delivered`, `created_at`) VALUES (62, 33, 86, 'Quam commodi molestiae ut animi distinctio maxime quia assumenda. Facere reiciendis ut natus atque nemo qui rerum nostrum. Mollitia ex facilis est fuga. Asperiores exercitationem porro neque dolores tempore dolorum rerum qui.', 0, 0, '1973-11-09 05:05:19');
INSERT INTO `messages` (`id`, `from_user_id`, `to_user_id`, `body`, `is_important`, `is_delivered`, `created_at`) VALUES (63, 77, 37, 'Nostrum corrupti mollitia ea consequatur aut. Placeat est dolore consectetur delectus perspiciatis qui. Et dignissimos non praesentium consequuntur aliquam consequuntur dolorem. Sunt unde ea quia culpa voluptate.', 1, 1, '2018-10-30 17:24:01');
INSERT INTO `messages` (`id`, `from_user_id`, `to_user_id`, `body`, `is_important`, `is_delivered`, `created_at`) VALUES (64, 11, 78, 'Consequuntur voluptas aspernatur suscipit sed eos molestias dolores. Necessitatibus omnis laborum nemo molestiae tenetur provident. Voluptas deleniti a quia autem iure. Voluptatem unde explicabo reprehenderit cupiditate soluta fugiat quas. Expedita repudiandae totam et explicabo ut eos.', 1, 1, '1993-08-10 08:22:17');
INSERT INTO `messages` (`id`, `from_user_id`, `to_user_id`, `body`, `is_important`, `is_delivered`, `created_at`) VALUES (65, 50, 33, 'Id id mollitia temporibus aut aut ipsam corporis. Dolorem voluptas aut ea officiis. Ea odit debitis quisquam ipsam iure in repellendus illum. Nisi non pariatur aut saepe ut eveniet.', 0, 1, '1976-12-08 14:00:37');
INSERT INTO `messages` (`id`, `from_user_id`, `to_user_id`, `body`, `is_important`, `is_delivered`, `created_at`) VALUES (66, 86, 89, 'Et saepe vel aliquam magnam aperiam. Sit quos repellendus maxime error non. Quasi quae placeat autem fugit veniam.', 0, 1, '2015-11-09 09:12:29');
INSERT INTO `messages` (`id`, `from_user_id`, `to_user_id`, `body`, `is_important`, `is_delivered`, `created_at`) VALUES (67, 90, 27, 'Exercitationem iste magnam recusandae amet sit. Deleniti dolor et voluptates est laboriosam consectetur modi.', 0, 1, '1993-02-19 13:40:27');
INSERT INTO `messages` (`id`, `from_user_id`, `to_user_id`, `body`, `is_important`, `is_delivered`, `created_at`) VALUES (68, 64, 77, 'Sequi ipsam culpa molestias voluptas reprehenderit dolores. Eum voluptatem tenetur nobis molestiae eum repudiandae. Asperiores est enim enim omnis cum.', 0, 1, '1985-10-29 10:52:46');
INSERT INTO `messages` (`id`, `from_user_id`, `to_user_id`, `body`, `is_important`, `is_delivered`, `created_at`) VALUES (69, 41, 28, 'Consequatur qui nulla odit sed odio. Doloremque fugit adipisci ut mollitia optio beatae impedit. Illo modi reprehenderit nisi sit animi distinctio quisquam sed.', 1, 0, '1995-11-25 10:42:52');
INSERT INTO `messages` (`id`, `from_user_id`, `to_user_id`, `body`, `is_important`, `is_delivered`, `created_at`) VALUES (70, 74, 57, 'Itaque similique sunt mollitia fugiat tempore tempora. Dolore commodi debitis officiis dolorem culpa. Ut praesentium tempora neque eos molestiae consequuntur quia.', 0, 0, '1976-09-23 16:42:55');
INSERT INTO `messages` (`id`, `from_user_id`, `to_user_id`, `body`, `is_important`, `is_delivered`, `created_at`) VALUES (71, 56, 95, 'Est dolorem tempore alias fuga rerum hic tempora quibusdam. Neque tempora pariatur sed qui sed aut deleniti voluptatem. Atque molestiae voluptatibus deleniti maiores assumenda. Commodi sed ut in officiis animi.', 1, 0, '2003-05-18 00:42:30');
INSERT INTO `messages` (`id`, `from_user_id`, `to_user_id`, `body`, `is_important`, `is_delivered`, `created_at`) VALUES (72, 25, 93, 'Facere repellendus aspernatur possimus eaque velit. Eveniet voluptas autem dolores et ad. Nihil voluptatem ad non rerum et.', 1, 0, '1990-07-09 11:29:56');
INSERT INTO `messages` (`id`, `from_user_id`, `to_user_id`, `body`, `is_important`, `is_delivered`, `created_at`) VALUES (73, 4, 76, 'Et omnis rerum sequi dolorem. Ratione eligendi eius accusamus voluptatem. Est sed recusandae facere sapiente et. Et et saepe blanditiis ut.', 1, 0, '2013-11-09 18:21:50');
INSERT INTO `messages` (`id`, `from_user_id`, `to_user_id`, `body`, `is_important`, `is_delivered`, `created_at`) VALUES (74, 69, 10, 'Praesentium ut et soluta quis voluptas possimus qui. Asperiores commodi porro incidunt alias temporibus. Recusandae non necessitatibus omnis consectetur et illo. Quis iusto incidunt est.', 1, 0, '1976-04-08 05:00:47');
INSERT INTO `messages` (`id`, `from_user_id`, `to_user_id`, `body`, `is_important`, `is_delivered`, `created_at`) VALUES (75, 97, 98, 'Repudiandae error beatae distinctio sed. Architecto rerum et illo reprehenderit. Iste aut et mollitia.', 0, 1, '1986-09-10 04:26:57');
INSERT INTO `messages` (`id`, `from_user_id`, `to_user_id`, `body`, `is_important`, `is_delivered`, `created_at`) VALUES (76, 62, 63, 'Sint vitae nisi eveniet vel autem provident impedit. Fugiat ut asperiores modi placeat maiores non enim repellat. Quo ipsa voluptate sed quae.', 1, 1, '2006-04-26 04:14:17');
INSERT INTO `messages` (`id`, `from_user_id`, `to_user_id`, `body`, `is_important`, `is_delivered`, `created_at`) VALUES (77, 65, 80, 'A quo alias sunt vel eligendi esse voluptate corporis. Quo sint vel voluptatem minima non. Laudantium sit eos qui rerum. Veritatis repellendus sunt animi voluptas non cumque ex.', 0, 1, '2001-04-27 21:54:28');
INSERT INTO `messages` (`id`, `from_user_id`, `to_user_id`, `body`, `is_important`, `is_delivered`, `created_at`) VALUES (78, 54, 77, 'Enim laudantium architecto qui porro suscipit. Voluptas sed est occaecati quidem.', 0, 0, '1990-03-24 13:04:19');
INSERT INTO `messages` (`id`, `from_user_id`, `to_user_id`, `body`, `is_important`, `is_delivered`, `created_at`) VALUES (79, 47, 80, 'Sed est tempora quis impedit dignissimos et. Quam et itaque delectus odit voluptatum ducimus sequi officia. Sint ut laudantium impedit quos et voluptatem.', 1, 0, '2015-02-22 21:26:04');
INSERT INTO `messages` (`id`, `from_user_id`, `to_user_id`, `body`, `is_important`, `is_delivered`, `created_at`) VALUES (80, 41, 12, 'Veniam sapiente non nemo illum reprehenderit soluta. Quod vel nam consequatur autem doloremque eius reprehenderit. Molestias velit aut dignissimos sit saepe aut.', 0, 1, '2015-02-11 21:40:28');
INSERT INTO `messages` (`id`, `from_user_id`, `to_user_id`, `body`, `is_important`, `is_delivered`, `created_at`) VALUES (81, 44, 89, 'Voluptates aut non in. Recusandae ab ut enim vel quis. Recusandae voluptas asperiores autem suscipit autem. Tenetur voluptatem aliquid necessitatibus veritatis exercitationem.', 0, 1, '1994-11-03 20:00:18');
INSERT INTO `messages` (`id`, `from_user_id`, `to_user_id`, `body`, `is_important`, `is_delivered`, `created_at`) VALUES (82, 1, 20, 'Veritatis ad in rerum provident. Omnis et est blanditiis aut velit blanditiis repellendus. Corporis facere similique praesentium magni porro. Vel quasi neque harum eligendi ratione distinctio necessitatibus.', 1, 0, '1980-09-10 21:55:52');
INSERT INTO `messages` (`id`, `from_user_id`, `to_user_id`, `body`, `is_important`, `is_delivered`, `created_at`) VALUES (83, 48, 54, 'Eum voluptas provident qui ut quia. Eligendi aut voluptatibus est quam quibusdam quas repudiandae.', 1, 0, '1986-04-25 08:01:53');
INSERT INTO `messages` (`id`, `from_user_id`, `to_user_id`, `body`, `is_important`, `is_delivered`, `created_at`) VALUES (84, 51, 27, 'Labore minima sed nobis sapiente dolor rem. Hic magnam est vel excepturi. Dolore suscipit doloremque in dolorum distinctio doloribus.', 1, 0, '1994-09-12 15:57:53');
INSERT INTO `messages` (`id`, `from_user_id`, `to_user_id`, `body`, `is_important`, `is_delivered`, `created_at`) VALUES (85, 79, 72, 'Et architecto fugiat ipsum eos quis. Atque quisquam necessitatibus quis quia vel deserunt hic unde. Corporis voluptas molestiae fugiat voluptas aut maxime pariatur. Aut illo nihil voluptates.', 1, 0, '1983-04-10 07:21:55');
INSERT INTO `messages` (`id`, `from_user_id`, `to_user_id`, `body`, `is_important`, `is_delivered`, `created_at`) VALUES (86, 60, 39, 'Aut et sit minus dolorem. Adipisci est autem necessitatibus vero nostrum. Tenetur inventore commodi qui accusamus. Laborum fuga nulla quo.', 1, 1, '2009-01-17 08:34:03');
INSERT INTO `messages` (`id`, `from_user_id`, `to_user_id`, `body`, `is_important`, `is_delivered`, `created_at`) VALUES (87, 34, 68, 'Reiciendis animi necessitatibus ut sed deleniti laboriosam ad. Dolorem dolor eveniet et et porro beatae et. Architecto est aut consequatur facere. Dolore impedit vel rem autem non consequatur ea.', 1, 0, '2011-07-09 05:19:08');
INSERT INTO `messages` (`id`, `from_user_id`, `to_user_id`, `body`, `is_important`, `is_delivered`, `created_at`) VALUES (88, 83, 65, 'Asperiores similique qui consequatur dolorem. Facere eaque non delectus asperiores perspiciatis. Numquam itaque provident veritatis consequuntur tempora est modi. Nemo officiis voluptatem cumque adipisci qui reprehenderit.', 1, 0, '1980-07-03 00:33:13');
INSERT INTO `messages` (`id`, `from_user_id`, `to_user_id`, `body`, `is_important`, `is_delivered`, `created_at`) VALUES (89, 79, 26, 'Voluptatem et accusantium accusamus omnis. Ab exercitationem eveniet hic tenetur quos ad. Itaque ab est et qui. Magnam impedit vel aperiam perferendis incidunt nostrum.', 0, 1, '1998-04-02 18:49:39');
INSERT INTO `messages` (`id`, `from_user_id`, `to_user_id`, `body`, `is_important`, `is_delivered`, `created_at`) VALUES (90, 8, 36, 'Officia voluptatem distinctio quis recusandae iste est. Placeat non sit magni laboriosam totam.', 1, 1, '2007-05-14 17:18:45');
INSERT INTO `messages` (`id`, `from_user_id`, `to_user_id`, `body`, `is_important`, `is_delivered`, `created_at`) VALUES (91, 96, 60, 'Velit et laudantium nobis consequatur enim. Eaque sit dolorem praesentium qui aperiam aspernatur commodi. Rem et dolorem libero qui voluptatem recusandae. Et sapiente est consectetur voluptas voluptatibus quae.', 1, 0, '1991-08-22 22:35:32');
INSERT INTO `messages` (`id`, `from_user_id`, `to_user_id`, `body`, `is_important`, `is_delivered`, `created_at`) VALUES (92, 68, 81, 'Totam modi iusto voluptatem fugit ad accusamus eveniet. Dolorem eveniet natus molestiae voluptas qui voluptate commodi. Dolore aspernatur voluptatem quo cumque in autem.', 0, 1, '1970-01-25 12:12:07');
INSERT INTO `messages` (`id`, `from_user_id`, `to_user_id`, `body`, `is_important`, `is_delivered`, `created_at`) VALUES (93, 77, 33, 'Quo corrupti consectetur modi sed laboriosam molestias. Odio quia qui numquam veniam aliquam quod saepe. Dicta laboriosam rerum laudantium repellendus quia labore. Perferendis autem iusto necessitatibus officiis. Occaecati sequi unde occaecati voluptas ut et quia quae.', 1, 0, '1995-11-23 07:10:03');
INSERT INTO `messages` (`id`, `from_user_id`, `to_user_id`, `body`, `is_important`, `is_delivered`, `created_at`) VALUES (94, 80, 6, 'Sunt ipsum autem non dolore quaerat. Similique in fugit nemo tempora voluptas consectetur at. Voluptas voluptas totam possimus aut sed. Assumenda enim quae omnis nesciunt ducimus nesciunt enim.', 0, 0, '2004-11-02 04:33:08');
INSERT INTO `messages` (`id`, `from_user_id`, `to_user_id`, `body`, `is_important`, `is_delivered`, `created_at`) VALUES (95, 47, 15, 'Quidem eius soluta et enim pariatur saepe et. Hic consectetur quis qui fugiat voluptates qui.', 1, 1, '1979-07-17 01:57:56');
INSERT INTO `messages` (`id`, `from_user_id`, `to_user_id`, `body`, `is_important`, `is_delivered`, `created_at`) VALUES (96, 22, 53, 'Officiis quis assumenda consectetur eos aut sit. Consectetur quas est autem aut repudiandae. Quia sunt dolores animi inventore sint fugit quaerat.', 0, 1, '1976-12-06 02:59:21');
INSERT INTO `messages` (`id`, `from_user_id`, `to_user_id`, `body`, `is_important`, `is_delivered`, `created_at`) VALUES (97, 33, 55, 'Accusantium voluptas libero et harum corrupti in vel sunt. Autem vitae fugit rerum quia unde non perspiciatis dolore. Et voluptatem laudantium aliquam. Culpa optio fugit iusto sed fugit.', 1, 0, '1984-11-10 03:56:14');
INSERT INTO `messages` (`id`, `from_user_id`, `to_user_id`, `body`, `is_important`, `is_delivered`, `created_at`) VALUES (98, 47, 6, 'Voluptatem corporis ad nulla ut rerum. Debitis itaque fugit distinctio repellat. Earum unde quia ut placeat. Voluptate labore ipsum ut.', 0, 1, '2020-01-23 02:25:39');
INSERT INTO `messages` (`id`, `from_user_id`, `to_user_id`, `body`, `is_important`, `is_delivered`, `created_at`) VALUES (99, 20, 23, 'Sed ex quo laboriosam hic. Nulla voluptate est error. Est dolores et tempora modi vero ut similique. Nulla veritatis alias et quibusdam fugit accusantium ipsam quas.', 0, 1, '1974-06-04 06:37:08');
INSERT INTO `messages` (`id`, `from_user_id`, `to_user_id`, `body`, `is_important`, `is_delivered`, `created_at`) VALUES (100, 27, 16, 'Enim cumque autem id vel eos vitae. Excepturi molestiae veniam excepturi ut rerum. Ea distinctio fuga mollitia exercitationem asperiores et libero aut.', 0, 1, '2007-09-08 00:31:42');
INSERT INTO `messages` (`id`, `from_user_id`, `to_user_id`, `body`, `is_important`, `is_delivered`, `created_at`) VALUES (101, 28, 48, 'Reiciendis sit aliquam illo. Ex unde culpa odit eos placeat. Necessitatibus consequuntur in quis mollitia aut voluptatem quis. Et nulla voluptates voluptas.', 0, 1, '1994-11-22 12:44:14');
INSERT INTO `messages` (`id`, `from_user_id`, `to_user_id`, `body`, `is_important`, `is_delivered`, `created_at`) VALUES (102, 59, 37, 'Totam delectus est quia illo. Sed et cupiditate optio nesciunt quam. Laudantium est aperiam harum illum. Quia dolores nesciunt vel velit qui praesentium labore.', 0, 0, '2011-01-11 17:19:51');
INSERT INTO `messages` (`id`, `from_user_id`, `to_user_id`, `body`, `is_important`, `is_delivered`, `created_at`) VALUES (103, 73, 9, 'Rem dolores distinctio inventore neque autem fuga eius. Optio natus mollitia mollitia aut quo. Illum est esse doloremque illo velit. Porro quia blanditiis deserunt est occaecati vel.', 1, 1, '1973-10-24 08:58:22');
INSERT INTO `messages` (`id`, `from_user_id`, `to_user_id`, `body`, `is_important`, `is_delivered`, `created_at`) VALUES (104, 31, 7, 'Voluptatum accusamus illum rerum est accusantium. Nulla neque magnam voluptas facere eum. Illo veniam blanditiis nobis quia labore rerum saepe. Natus velit nostrum rem voluptas necessitatibus id distinctio.', 0, 0, '1973-10-19 06:33:37');
INSERT INTO `messages` (`id`, `from_user_id`, `to_user_id`, `body`, `is_important`, `is_delivered`, `created_at`) VALUES (105, 22, 39, 'Error deleniti recusandae deleniti reiciendis eaque eveniet. Distinctio officia nesciunt et perferendis sit eos est.', 0, 0, '2011-06-02 16:38:21');
INSERT INTO `messages` (`id`, `from_user_id`, `to_user_id`, `body`, `is_important`, `is_delivered`, `created_at`) VALUES (106, 78, 3, 'Odio aut harum et non. Modi dignissimos vero praesentium quia architecto sit. Totam facere non quidem.', 0, 1, '1974-02-12 13:51:43');
INSERT INTO `messages` (`id`, `from_user_id`, `to_user_id`, `body`, `is_important`, `is_delivered`, `created_at`) VALUES (107, 17, 71, 'Nulla natus repellat ducimus sit. Sed voluptatibus laboriosam natus vero qui. Laboriosam mollitia sequi repellat sapiente incidunt. Voluptatibus iusto in numquam minus quia.', 0, 1, '1979-04-17 17:25:39');
INSERT INTO `messages` (`id`, `from_user_id`, `to_user_id`, `body`, `is_important`, `is_delivered`, `created_at`) VALUES (108, 52, 99, 'Odit inventore quos libero qui repellendus nesciunt nesciunt. Occaecati repudiandae consequatur sunt dolorem. Ea est eum sequi sequi iste assumenda. Voluptatem quas qui reiciendis natus aut ducimus recusandae.', 0, 0, '2012-12-04 02:48:21');
INSERT INTO `messages` (`id`, `from_user_id`, `to_user_id`, `body`, `is_important`, `is_delivered`, `created_at`) VALUES (109, 80, 33, 'Et doloremque debitis aut quaerat earum est ducimus id. Consequuntur labore aspernatur aut et totam aliquid quisquam. Architecto laboriosam nulla tenetur aperiam maiores accusantium.', 0, 0, '1979-04-12 09:56:48');
INSERT INTO `messages` (`id`, `from_user_id`, `to_user_id`, `body`, `is_important`, `is_delivered`, `created_at`) VALUES (110, 54, 97, 'Et quia incidunt velit nulla id. Accusantium quia labore nihil sed nostrum quis quia. Voluptas nihil ipsum ut laborum aut ut.', 1, 1, '1973-12-14 17:36:02');
INSERT INTO `messages` (`id`, `from_user_id`, `to_user_id`, `body`, `is_important`, `is_delivered`, `created_at`) VALUES (111, 42, 95, 'Sapiente ut nesciunt provident delectus ratione. Aut debitis sed dolorem doloribus et repudiandae. Et quis occaecati iusto similique omnis aliquid blanditiis.', 0, 0, '1977-03-17 22:20:14');
INSERT INTO `messages` (`id`, `from_user_id`, `to_user_id`, `body`, `is_important`, `is_delivered`, `created_at`) VALUES (112, 68, 94, 'Fugiat perferendis vel minima ducimus non sapiente. Dicta alias et omnis minima ea officiis quis. Corporis ea nemo cupiditate similique voluptatibus.', 1, 1, '2011-10-11 08:32:16');
INSERT INTO `messages` (`id`, `from_user_id`, `to_user_id`, `body`, `is_important`, `is_delivered`, `created_at`) VALUES (113, 43, 25, 'Temporibus perspiciatis quidem dolore qui. Inventore et quo magnam vitae enim commodi cum est. Praesentium repellat minus eligendi aspernatur dolores temporibus magni. Quisquam deserunt sapiente tenetur provident omnis earum illo consequuntur.', 0, 1, '1979-08-30 18:38:24');
INSERT INTO `messages` (`id`, `from_user_id`, `to_user_id`, `body`, `is_important`, `is_delivered`, `created_at`) VALUES (114, 81, 40, 'Explicabo sunt ut expedita ducimus saepe ducimus. Est natus nulla ad quam. Veniam sunt eveniet ut quo repellat atque aut. Non ut iusto aut consequuntur.', 0, 0, '2009-05-03 00:12:15');
INSERT INTO `messages` (`id`, `from_user_id`, `to_user_id`, `body`, `is_important`, `is_delivered`, `created_at`) VALUES (115, 51, 65, 'Ut iste nam error est dolorum iure asperiores. Ut nostrum ratione reprehenderit quo necessitatibus nemo. Officiis temporibus in consequuntur dolorem voluptatibus. Aliquam rerum beatae quis exercitationem at est ad.', 1, 1, '2001-11-19 10:15:11');
INSERT INTO `messages` (`id`, `from_user_id`, `to_user_id`, `body`, `is_important`, `is_delivered`, `created_at`) VALUES (116, 66, 36, 'Tenetur quos repellendus inventore et delectus voluptates. Ipsum voluptatem ad ex numquam possimus ipsa ipsam.', 0, 1, '2017-05-08 22:49:51');
INSERT INTO `messages` (`id`, `from_user_id`, `to_user_id`, `body`, `is_important`, `is_delivered`, `created_at`) VALUES (117, 99, 30, 'Numquam nostrum soluta eius eligendi quia praesentium ut. Ea sint tempore tempora et debitis. Omnis aut rerum dolorem sit molestiae beatae id autem.', 0, 1, '1989-09-12 04:55:03');
INSERT INTO `messages` (`id`, `from_user_id`, `to_user_id`, `body`, `is_important`, `is_delivered`, `created_at`) VALUES (118, 36, 32, 'Quia dignissimos aspernatur et. Dolorem accusantium cumque nobis fuga voluptas corrupti quis. Nulla rerum totam magni exercitationem qui suscipit. Et iusto in qui fuga soluta nam repellendus.', 0, 0, '1995-05-16 16:51:04');
INSERT INTO `messages` (`id`, `from_user_id`, `to_user_id`, `body`, `is_important`, `is_delivered`, `created_at`) VALUES (119, 25, 3, 'Vel voluptas qui laborum accusamus illo. Ut et et voluptas ut nulla molestiae.', 0, 0, '2013-12-23 05:08:28');
INSERT INTO `messages` (`id`, `from_user_id`, `to_user_id`, `body`, `is_important`, `is_delivered`, `created_at`) VALUES (120, 64, 11, 'Molestiae minima expedita voluptatem voluptas quia reiciendis qui provident. Magnam quasi qui qui dicta incidunt amet. Culpa consequatur ea ducimus minima natus reprehenderit ipsam iure.', 0, 1, '1975-12-06 17:02:32');
INSERT INTO `messages` (`id`, `from_user_id`, `to_user_id`, `body`, `is_important`, `is_delivered`, `created_at`) VALUES (121, 5, 96, 'Repellat quia iste ex et impedit. Nihil iste ratione qui eos voluptas maiores facere. Natus quia sapiente dolores.', 1, 0, '2011-08-17 08:48:53');
INSERT INTO `messages` (`id`, `from_user_id`, `to_user_id`, `body`, `is_important`, `is_delivered`, `created_at`) VALUES (122, 49, 79, 'Dolor eligendi sit eos. Quos voluptatem autem illum sit nobis earum. Harum sapiente voluptas doloribus reiciendis illo officia. Et sint totam et vitae eius neque et. Sit ratione vel veritatis totam sed.', 0, 0, '2004-03-25 23:54:41');
INSERT INTO `messages` (`id`, `from_user_id`, `to_user_id`, `body`, `is_important`, `is_delivered`, `created_at`) VALUES (123, 3, 62, 'Est aut harum blanditiis et qui. Possimus et error sequi. Maiores et illo necessitatibus illo quia sit.', 1, 1, '1995-05-14 19:43:34');
INSERT INTO `messages` (`id`, `from_user_id`, `to_user_id`, `body`, `is_important`, `is_delivered`, `created_at`) VALUES (124, 63, 80, 'Numquam consequuntur doloremque cumque. Voluptatem voluptas iste sint perspiciatis quo dolor rerum. Facilis sint perferendis et. Ea quisquam omnis voluptas ullam quia ut quibusdam.', 1, 0, '1979-12-24 22:58:26');
INSERT INTO `messages` (`id`, `from_user_id`, `to_user_id`, `body`, `is_important`, `is_delivered`, `created_at`) VALUES (125, 17, 34, 'Ut debitis necessitatibus aspernatur. Sint quod pariatur perspiciatis accusamus et voluptates facere. Sapiente officiis exercitationem vel culpa quo. Qui laboriosam qui corrupti qui error et.', 0, 0, '2015-03-23 04:01:26');
INSERT INTO `messages` (`id`, `from_user_id`, `to_user_id`, `body`, `is_important`, `is_delivered`, `created_at`) VALUES (126, 54, 93, 'Et cupiditate porro id omnis qui. Quia quia in excepturi consequatur dolorem aut. Velit corrupti fuga earum veritatis consectetur quam.', 1, 0, '1980-01-12 23:08:11');
INSERT INTO `messages` (`id`, `from_user_id`, `to_user_id`, `body`, `is_important`, `is_delivered`, `created_at`) VALUES (127, 21, 66, 'Qui culpa et dolorum repellat ad. Voluptatem consequuntur nihil corporis dignissimos commodi aut. Nam dolore aut quo voluptatibus sit iste error. Assumenda aut dolores eos qui incidunt porro pariatur.', 0, 1, '2011-03-21 12:55:44');
INSERT INTO `messages` (`id`, `from_user_id`, `to_user_id`, `body`, `is_important`, `is_delivered`, `created_at`) VALUES (128, 81, 37, 'Cum perferendis est aut consequatur. Sint nam aut exercitationem quod. Ipsam dolores soluta qui.', 0, 0, '1972-10-02 13:51:34');
INSERT INTO `messages` (`id`, `from_user_id`, `to_user_id`, `body`, `is_important`, `is_delivered`, `created_at`) VALUES (129, 63, 37, 'Dolores neque dolores optio numquam consectetur velit. Qui ut qui delectus eum nisi. Eum sit sint aut dolorem ut qui atque.', 0, 1, '1970-02-17 08:44:00');
INSERT INTO `messages` (`id`, `from_user_id`, `to_user_id`, `body`, `is_important`, `is_delivered`, `created_at`) VALUES (130, 97, 40, 'Recusandae autem aut tempore aut id nisi molestiae. Eos dolores error eum quibusdam animi. Maiores blanditiis rerum cumque cum dolorum consequatur. Quibusdam beatae eum quaerat esse culpa molestiae aut quam.', 1, 0, '1974-08-26 23:49:50');
INSERT INTO `messages` (`id`, `from_user_id`, `to_user_id`, `body`, `is_important`, `is_delivered`, `created_at`) VALUES (131, 57, 72, 'Sed id numquam aspernatur rem. Consequatur saepe tempora ducimus quam eligendi tempore qui. Et qui cupiditate nihil assumenda architecto magni modi.', 1, 0, '2001-09-22 11:43:46');
INSERT INTO `messages` (`id`, `from_user_id`, `to_user_id`, `body`, `is_important`, `is_delivered`, `created_at`) VALUES (132, 33, 91, 'Voluptates voluptatem autem ipsa perspiciatis ullam repudiandae. Et qui delectus nihil voluptatem qui sequi soluta. Ipsa architecto iste mollitia.', 1, 0, '1999-05-16 02:43:33');
INSERT INTO `messages` (`id`, `from_user_id`, `to_user_id`, `body`, `is_important`, `is_delivered`, `created_at`) VALUES (133, 34, 79, 'Harum tempora ut esse non. Enim ullam molestiae tempora similique quod ea et doloribus. Et earum rerum reiciendis est consequatur placeat.', 0, 1, '2019-09-09 10:09:14');
INSERT INTO `messages` (`id`, `from_user_id`, `to_user_id`, `body`, `is_important`, `is_delivered`, `created_at`) VALUES (134, 59, 8, 'Quis ut commodi id. Qui ut praesentium numquam et corporis omnis.', 1, 0, '1978-10-08 15:27:44');
INSERT INTO `messages` (`id`, `from_user_id`, `to_user_id`, `body`, `is_important`, `is_delivered`, `created_at`) VALUES (135, 27, 47, 'Architecto at unde similique voluptatem molestiae. Sint maiores voluptatem eum qui aut. Velit consequatur assumenda earum accusamus nemo maiores beatae. Saepe hic impedit quia eligendi dolor. Rerum rem at voluptate laborum dignissimos quia.', 1, 1, '1997-02-18 11:32:13');
INSERT INTO `messages` (`id`, `from_user_id`, `to_user_id`, `body`, `is_important`, `is_delivered`, `created_at`) VALUES (136, 62, 74, 'Fuga ipsum aliquid sed voluptas reiciendis. Nemo labore sint maiores quis. Qui porro velit placeat recusandae rem ad. Qui quas quidem sint qui qui consequatur.', 1, 1, '1990-07-26 23:22:28');
INSERT INTO `messages` (`id`, `from_user_id`, `to_user_id`, `body`, `is_important`, `is_delivered`, `created_at`) VALUES (137, 75, 73, 'Harum sit maxime ut sint. Impedit delectus voluptatibus odio quisquam libero. Reiciendis dolorum non ducimus ea voluptatibus dolores. Atque ipsa sit dolor.', 0, 0, '2007-10-09 11:36:14');
INSERT INTO `messages` (`id`, `from_user_id`, `to_user_id`, `body`, `is_important`, `is_delivered`, `created_at`) VALUES (138, 12, 58, 'Molestiae ad nostrum consequatur praesentium at necessitatibus. Ut sit cumque non odit qui rerum. Officiis perferendis eos aperiam voluptatibus.', 1, 0, '1977-10-14 04:30:21');
INSERT INTO `messages` (`id`, `from_user_id`, `to_user_id`, `body`, `is_important`, `is_delivered`, `created_at`) VALUES (139, 62, 28, 'Aperiam doloribus impedit vel facere voluptate. Deserunt recusandae minus fuga ut nostrum. Assumenda aperiam rerum dolores.', 1, 0, '1976-05-20 19:41:39');
INSERT INTO `messages` (`id`, `from_user_id`, `to_user_id`, `body`, `is_important`, `is_delivered`, `created_at`) VALUES (140, 58, 25, 'Placeat rem qui perspiciatis reiciendis. Ex est aut ut earum voluptatem cupiditate.', 0, 0, '2020-02-10 10:22:13');
INSERT INTO `messages` (`id`, `from_user_id`, `to_user_id`, `body`, `is_important`, `is_delivered`, `created_at`) VALUES (141, 37, 51, 'Quia aliquid reprehenderit fugit placeat. Accusamus cumque voluptates aliquam vel. Quia iure et qui repudiandae vitae.', 0, 0, '1980-01-07 03:33:41');
INSERT INTO `messages` (`id`, `from_user_id`, `to_user_id`, `body`, `is_important`, `is_delivered`, `created_at`) VALUES (142, 95, 70, 'Quasi qui consequuntur architecto veniam consequuntur quos porro. Ad aut minima a aut voluptate sed quo. Laborum dolore iste consequuntur illo eos dolorum delectus. Repellendus aliquam et et. Molestiae fugit excepturi doloremque.', 0, 1, '1986-11-23 14:47:48');
INSERT INTO `messages` (`id`, `from_user_id`, `to_user_id`, `body`, `is_important`, `is_delivered`, `created_at`) VALUES (143, 50, 97, 'Ea soluta voluptatem ab vel aperiam et. Et laborum quidem necessitatibus incidunt a facere. Ipsam sit in sed accusantium quibusdam.', 0, 1, '2012-09-01 09:35:26');
INSERT INTO `messages` (`id`, `from_user_id`, `to_user_id`, `body`, `is_important`, `is_delivered`, `created_at`) VALUES (144, 21, 13, 'Quasi dolores blanditiis esse. Id ea dolor omnis odio iure voluptate et. Aperiam sequi qui sequi ratione at reprehenderit.', 1, 0, '1970-08-30 05:56:42');
INSERT INTO `messages` (`id`, `from_user_id`, `to_user_id`, `body`, `is_important`, `is_delivered`, `created_at`) VALUES (145, 55, 29, 'Ut vel vel quis veritatis fugiat est et delectus. Repudiandae qui error id asperiores blanditiis.', 0, 1, '1987-07-29 01:03:01');
INSERT INTO `messages` (`id`, `from_user_id`, `to_user_id`, `body`, `is_important`, `is_delivered`, `created_at`) VALUES (146, 0, 57, 'Qui accusantium optio eligendi fuga fugiat voluptatem et. Est quaerat veniam labore iure consequatur fugiat magnam. Qui beatae voluptatem aut in dolore aut est nesciunt. Fuga ut et et quia reprehenderit qui. Facilis eveniet voluptas molestias ut aliquam.', 1, 1, '1986-05-28 12:40:56');
INSERT INTO `messages` (`id`, `from_user_id`, `to_user_id`, `body`, `is_important`, `is_delivered`, `created_at`) VALUES (147, 62, 31, 'Et iste sint numquam dolore culpa soluta. Facere provident omnis aut dolor quia quasi placeat quo. Quasi aliquam ea sed natus at eum. Aut rerum veniam possimus temporibus tenetur ad odit.', 1, 1, '1994-08-10 05:49:43');
INSERT INTO `messages` (`id`, `from_user_id`, `to_user_id`, `body`, `is_important`, `is_delivered`, `created_at`) VALUES (148, 38, 71, 'Ad perferendis corrupti corporis ullam libero explicabo vero. Dignissimos inventore consequatur ut ratione ad minus. Et architecto voluptate omnis atque.', 1, 1, '2006-05-13 01:34:30');
INSERT INTO `messages` (`id`, `from_user_id`, `to_user_id`, `body`, `is_important`, `is_delivered`, `created_at`) VALUES (149, 11, 61, 'Voluptas cupiditate unde id aut nihil. Numquam quos iste maiores dolorem dolorum sint. Nostrum accusantium maiores sed ea aperiam non. Quaerat atque alias et laboriosam quam.', 0, 1, '1989-11-20 03:32:04');
INSERT INTO `messages` (`id`, `from_user_id`, `to_user_id`, `body`, `is_important`, `is_delivered`, `created_at`) VALUES (150, 51, 37, 'Id eos itaque dolorem quo possimus maiores. Vel repudiandae voluptas ut veniam voluptas aspernatur. Facilis nesciunt non occaecati reprehenderit impedit eos doloremque. Sit adipisci cumque iste.', 0, 1, '2004-08-09 12:55:26');
INSERT INTO `messages` (`id`, `from_user_id`, `to_user_id`, `body`, `is_important`, `is_delivered`, `created_at`) VALUES (151, 74, 80, 'Totam similique qui autem quos. Amet ut omnis quia in fugiat veniam id. Qui quisquam praesentium tempora dolore vel. Illo autem et voluptatem autem.', 1, 1, '1989-05-04 17:34:30');
INSERT INTO `messages` (`id`, `from_user_id`, `to_user_id`, `body`, `is_important`, `is_delivered`, `created_at`) VALUES (152, 64, 75, 'Omnis et necessitatibus facere odit nihil. Sed laborum dolor repudiandae maxime odit assumenda. Molestiae doloribus molestias est.', 1, 0, '2017-08-24 10:52:28');
INSERT INTO `messages` (`id`, `from_user_id`, `to_user_id`, `body`, `is_important`, `is_delivered`, `created_at`) VALUES (153, 96, 55, 'Praesentium porro quis adipisci. At rem modi beatae quia delectus distinctio dolores. Esse ipsa quo rerum est occaecati quia. Sequi dolorem veniam sed omnis. Molestias quas ut aliquid rerum iste maxime quis eum.', 1, 0, '1994-05-21 04:03:19');
INSERT INTO `messages` (`id`, `from_user_id`, `to_user_id`, `body`, `is_important`, `is_delivered`, `created_at`) VALUES (154, 87, 80, 'Non modi quod ipsa quo et ut et. Voluptatem consectetur rerum quia libero corrupti magnam voluptas quas. Deleniti in est velit id modi.', 0, 1, '1974-04-17 18:28:15');
INSERT INTO `messages` (`id`, `from_user_id`, `to_user_id`, `body`, `is_important`, `is_delivered`, `created_at`) VALUES (155, 21, 45, 'Impedit illo minus ut consequatur. Quasi qui ducimus praesentium quasi et corrupti sit laboriosam. Qui enim delectus et quia voluptas labore.', 1, 0, '2009-05-23 00:50:39');
INSERT INTO `messages` (`id`, `from_user_id`, `to_user_id`, `body`, `is_important`, `is_delivered`, `created_at`) VALUES (156, 71, 22, 'Sint dolor cum incidunt hic ducimus optio excepturi eum. Sit id fuga eum sunt maiores deleniti. Qui aut aut et consequatur impedit. Explicabo velit placeat eaque quia error voluptatum fugiat. Ut voluptatibus placeat iusto ex non voluptatem.', 1, 1, '2003-10-29 10:09:10');
INSERT INTO `messages` (`id`, `from_user_id`, `to_user_id`, `body`, `is_important`, `is_delivered`, `created_at`) VALUES (157, 43, 87, 'Voluptates enim non dolor voluptatibus consequatur. Ratione dolore minima sit dolorem quaerat. Quia ipsam voluptates magni officia in.', 0, 1, '1972-11-29 01:46:53');
INSERT INTO `messages` (`id`, `from_user_id`, `to_user_id`, `body`, `is_important`, `is_delivered`, `created_at`) VALUES (158, 35, 16, 'Reiciendis natus rem ratione voluptatem nesciunt id autem. Placeat necessitatibus facere voluptas qui ea numquam quis. Quibusdam libero quis eum illum amet.', 1, 0, '1993-06-25 18:56:49');
INSERT INTO `messages` (`id`, `from_user_id`, `to_user_id`, `body`, `is_important`, `is_delivered`, `created_at`) VALUES (159, 62, 58, 'Non quis fugit laborum. Natus sint ut nesciunt dolores ex enim. Ad aspernatur aliquam dolorum nostrum modi ut.', 1, 1, '2000-09-14 10:28:39');
INSERT INTO `messages` (`id`, `from_user_id`, `to_user_id`, `body`, `is_important`, `is_delivered`, `created_at`) VALUES (160, 26, 93, 'Molestiae consectetur fuga similique deserunt. Soluta officia et laudantium voluptatem. Itaque velit enim quasi ut neque. Fugit non sint ut iure deleniti aliquid.', 1, 1, '2006-09-17 01:25:38');
INSERT INTO `messages` (`id`, `from_user_id`, `to_user_id`, `body`, `is_important`, `is_delivered`, `created_at`) VALUES (161, 31, 41, 'Eum nihil expedita magnam dolores corporis. Qui provident magnam facere qui incidunt quas.', 1, 0, '1998-08-27 19:01:14');
INSERT INTO `messages` (`id`, `from_user_id`, `to_user_id`, `body`, `is_important`, `is_delivered`, `created_at`) VALUES (162, 80, 32, 'Quis modi pariatur ut iste iste sunt. Molestiae officiis repellat aut numquam ut saepe molestias. Tempore nisi ullam odit adipisci. Voluptatem tempora provident consequatur exercitationem soluta ad eveniet quis. Ipsum quia omnis quia nihil necessitatibus excepturi.', 0, 1, '2011-01-21 02:23:00');
INSERT INTO `messages` (`id`, `from_user_id`, `to_user_id`, `body`, `is_important`, `is_delivered`, `created_at`) VALUES (163, 34, 99, 'Soluta autem molestias labore numquam. Et illum sit ut ut commodi incidunt et. Dolore velit non eos voluptatem iure. Aliquid debitis vel voluptates et perferendis velit amet facere.', 0, 1, '2010-10-04 03:03:52');
INSERT INTO `messages` (`id`, `from_user_id`, `to_user_id`, `body`, `is_important`, `is_delivered`, `created_at`) VALUES (164, 81, 43, 'Libero est voluptatem porro quo. Exercitationem et sint a et eaque saepe perferendis. Sequi facilis nobis enim quia recusandae ipsum. Facilis labore vel sed aperiam hic quam. Maxime ratione aliquid aut.', 1, 0, '1980-05-20 13:53:37');
INSERT INTO `messages` (`id`, `from_user_id`, `to_user_id`, `body`, `is_important`, `is_delivered`, `created_at`) VALUES (165, 53, 69, 'In doloribus excepturi aliquid aliquid quia dolor. Quia sint ipsa nam sint perspiciatis accusamus. Quod excepturi officiis esse exercitationem voluptatibus rerum temporibus. Dicta natus temporibus sapiente fugiat aut enim.', 1, 0, '2019-08-10 22:04:30');
INSERT INTO `messages` (`id`, `from_user_id`, `to_user_id`, `body`, `is_important`, `is_delivered`, `created_at`) VALUES (166, 30, 68, 'Consequatur ut praesentium aperiam nihil quae neque sit. Debitis sequi non error sint quaerat officiis est dolore. Sint officiis at saepe est accusantium dolorem libero. Maxime atque facilis repudiandae consequatur sunt dignissimos.', 0, 0, '2007-06-24 18:10:59');
INSERT INTO `messages` (`id`, `from_user_id`, `to_user_id`, `body`, `is_important`, `is_delivered`, `created_at`) VALUES (167, 87, 2, 'Aut beatae nam blanditiis aut accusamus non. Voluptatem hic a non. Aut dolores eum cupiditate numquam quia doloremque. Et tempora ut commodi.', 0, 1, '2000-09-18 08:35:41');
INSERT INTO `messages` (`id`, `from_user_id`, `to_user_id`, `body`, `is_important`, `is_delivered`, `created_at`) VALUES (168, 15, 60, 'Nihil et rerum sed odit odio et consectetur. Qui ut voluptatem repellendus doloribus sapiente sunt voluptas fugit. Asperiores ea incidunt fugiat ipsum quidem quas. A doloremque corrupti voluptas eos similique.', 0, 0, '2013-11-13 19:39:43');
INSERT INTO `messages` (`id`, `from_user_id`, `to_user_id`, `body`, `is_important`, `is_delivered`, `created_at`) VALUES (169, 65, 67, 'Beatae et ipsum sed exercitationem et. Quod placeat eaque nemo nihil est voluptatibus.', 0, 1, '1977-09-17 03:18:13');
INSERT INTO `messages` (`id`, `from_user_id`, `to_user_id`, `body`, `is_important`, `is_delivered`, `created_at`) VALUES (170, 55, 52, 'Rerum numquam sint pariatur. Vitae blanditiis nulla vero aut totam. Quo porro voluptatum blanditiis accusamus. Ad quisquam quo at quis modi.', 0, 0, '2016-06-28 08:52:53');
INSERT INTO `messages` (`id`, `from_user_id`, `to_user_id`, `body`, `is_important`, `is_delivered`, `created_at`) VALUES (171, 91, 62, 'Eius quis voluptas consequatur sapiente fugiat laboriosam. Reprehenderit qui nulla possimus excepturi quidem sint. Sed et non facere minus fugiat. Sit dignissimos illum adipisci at asperiores occaecati aliquam.', 0, 0, '1982-01-18 06:19:53');
INSERT INTO `messages` (`id`, `from_user_id`, `to_user_id`, `body`, `is_important`, `is_delivered`, `created_at`) VALUES (172, 10, 79, 'Sed cumque tenetur quia et et dignissimos vel non. Facere officiis aut ut accusamus nam. Tempore et omnis quia tempore laudantium.', 0, 1, '2006-09-28 03:19:49');
INSERT INTO `messages` (`id`, `from_user_id`, `to_user_id`, `body`, `is_important`, `is_delivered`, `created_at`) VALUES (173, 82, 45, 'Iure vel ad ea ut occaecati rerum. Illum dolorem sint tempore sequi aut reprehenderit. Et eveniet aut non perspiciatis animi in consequatur. In quisquam commodi non aut et.', 0, 1, '1972-08-03 20:57:24');
INSERT INTO `messages` (`id`, `from_user_id`, `to_user_id`, `body`, `is_important`, `is_delivered`, `created_at`) VALUES (174, 29, 61, 'Et excepturi assumenda velit. Atque porro molestias est magnam. Nihil dolor pariatur praesentium sit quod corrupti.', 0, 1, '1997-03-27 15:45:56');
INSERT INTO `messages` (`id`, `from_user_id`, `to_user_id`, `body`, `is_important`, `is_delivered`, `created_at`) VALUES (175, 73, 98, 'Et et nihil pariatur magni cupiditate aliquid laborum repellat. In vel qui qui omnis at. Asperiores qui accusantium et quia accusantium. Molestiae sit non dolorem sunt.', 1, 0, '2001-02-16 10:50:37');
INSERT INTO `messages` (`id`, `from_user_id`, `to_user_id`, `body`, `is_important`, `is_delivered`, `created_at`) VALUES (176, 47, 65, 'In voluptas tempore quo error. Nisi veritatis nihil est omnis cumque facere. Voluptas molestiae et et necessitatibus. Soluta qui molestias vel quaerat commodi laborum. Voluptatem rerum quia voluptas itaque dolorem.', 0, 1, '1985-02-24 13:04:35');
INSERT INTO `messages` (`id`, `from_user_id`, `to_user_id`, `body`, `is_important`, `is_delivered`, `created_at`) VALUES (177, 32, 2, 'Unde culpa enim et totam ut ipsum aut. Non autem rerum hic eum sapiente aliquam. Qui consequuntur est qui voluptatem maxime est ut. Maiores eius dignissimos aspernatur quia sapiente modi id.', 0, 0, '1979-06-12 03:36:24');
INSERT INTO `messages` (`id`, `from_user_id`, `to_user_id`, `body`, `is_important`, `is_delivered`, `created_at`) VALUES (178, 92, 44, 'Totam facere et similique adipisci. Eveniet reprehenderit dignissimos distinctio quam rerum. Dolor consectetur autem officia et possimus qui.', 0, 0, '1976-02-19 09:49:57');
INSERT INTO `messages` (`id`, `from_user_id`, `to_user_id`, `body`, `is_important`, `is_delivered`, `created_at`) VALUES (179, 91, 76, 'Quis consectetur et et molestias. Enim est officia nihil et corrupti. Dolores ipsa molestiae sequi dicta itaque quisquam. Et aliquam veniam saepe excepturi. Veritatis ducimus assumenda nulla et.', 1, 1, '1973-03-21 16:50:53');
INSERT INTO `messages` (`id`, `from_user_id`, `to_user_id`, `body`, `is_important`, `is_delivered`, `created_at`) VALUES (180, 72, 76, 'In temporibus est architecto nesciunt beatae reiciendis. Omnis qui in perferendis nisi ad vitae. Nostrum minima maxime blanditiis expedita repudiandae.', 1, 0, '1978-07-30 08:16:37');
INSERT INTO `messages` (`id`, `from_user_id`, `to_user_id`, `body`, `is_important`, `is_delivered`, `created_at`) VALUES (181, 68, 13, 'Placeat odit voluptatem expedita qui. Quia et magnam quis enim aut veritatis. Consectetur cum id et autem fugit eum eum. Vero beatae ab ea quaerat aut ea repellendus.', 0, 0, '2020-08-18 03:29:17');
INSERT INTO `messages` (`id`, `from_user_id`, `to_user_id`, `body`, `is_important`, `is_delivered`, `created_at`) VALUES (182, 44, 76, 'Facere iusto aut assumenda ex excepturi et. Quia similique aut cumque aut. Voluptatibus omnis velit accusantium occaecati dolorum voluptas. Id laudantium dolor velit aut.', 1, 1, '1997-10-14 12:27:22');
INSERT INTO `messages` (`id`, `from_user_id`, `to_user_id`, `body`, `is_important`, `is_delivered`, `created_at`) VALUES (183, 13, 1, 'Et ut ut tenetur ut nobis. Delectus debitis in sed est necessitatibus nesciunt. Ex id qui aliquid.', 0, 1, '1995-05-26 12:59:12');
INSERT INTO `messages` (`id`, `from_user_id`, `to_user_id`, `body`, `is_important`, `is_delivered`, `created_at`) VALUES (184, 19, 88, 'Consequuntur quod nisi est. Beatae nisi omnis molestiae officiis. Incidunt et eaque est ut et et.', 0, 1, '1995-07-18 07:45:31');
INSERT INTO `messages` (`id`, `from_user_id`, `to_user_id`, `body`, `is_important`, `is_delivered`, `created_at`) VALUES (185, 79, 77, 'Non quos nihil eveniet expedita id. Corporis aut voluptas et quia repellat dolores amet. Et voluptate ut at commodi rerum. Culpa quia dolor ex. Neque quia aut voluptas libero molestiae ipsam est.', 1, 1, '2000-06-18 20:36:45');
INSERT INTO `messages` (`id`, `from_user_id`, `to_user_id`, `body`, `is_important`, `is_delivered`, `created_at`) VALUES (186, 32, 26, 'Et dolorum nisi rerum. Aut fugit facere dolorem tenetur. Reiciendis ut quia vel repudiandae esse commodi sed.', 0, 1, '2014-10-16 08:59:32');
INSERT INTO `messages` (`id`, `from_user_id`, `to_user_id`, `body`, `is_important`, `is_delivered`, `created_at`) VALUES (187, 61, 98, 'Quos non natus voluptatem quia cumque minima. Et provident mollitia magnam saepe. Eum et dolores magni officiis.', 0, 0, '2005-09-18 17:09:22');
INSERT INTO `messages` (`id`, `from_user_id`, `to_user_id`, `body`, `is_important`, `is_delivered`, `created_at`) VALUES (188, 71, 90, 'Non architecto quidem cumque et consequatur omnis recusandae. Numquam quia cum expedita qui voluptas a. Voluptas ut animi dolores facere.', 0, 1, '2005-04-08 04:07:35');
INSERT INTO `messages` (`id`, `from_user_id`, `to_user_id`, `body`, `is_important`, `is_delivered`, `created_at`) VALUES (189, 79, 29, 'Sed mollitia molestiae aut asperiores eum autem eum. Atque unde libero ut eius reiciendis qui. Quibusdam nihil aperiam et eum quibusdam ut ipsa voluptas. Eligendi quod perferendis nulla esse quo.', 1, 1, '2020-04-08 17:01:45');
INSERT INTO `messages` (`id`, `from_user_id`, `to_user_id`, `body`, `is_important`, `is_delivered`, `created_at`) VALUES (190, 47, 48, 'Officiis reprehenderit est voluptatem et error expedita. Repellendus id voluptates sit molestiae ab consequatur. Exercitationem esse perspiciatis autem sed.', 0, 0, '1996-07-06 14:39:56');
INSERT INTO `messages` (`id`, `from_user_id`, `to_user_id`, `body`, `is_important`, `is_delivered`, `created_at`) VALUES (191, 72, 16, 'Nobis repudiandae suscipit saepe maxime voluptatem. Non ullam exercitationem nostrum eum nobis totam. Voluptates libero tenetur quia saepe. Iusto reprehenderit optio doloribus qui repellendus ipsum qui mollitia.', 1, 0, '2019-12-27 08:01:43');
INSERT INTO `messages` (`id`, `from_user_id`, `to_user_id`, `body`, `is_important`, `is_delivered`, `created_at`) VALUES (192, 12, 69, 'Eligendi nemo tenetur quia quis officiis neque est atque. Sapiente sed debitis omnis nemo id nemo. Possimus est expedita quia. Laboriosam quae voluptas sit accusantium.', 1, 0, '2007-10-08 19:44:52');
INSERT INTO `messages` (`id`, `from_user_id`, `to_user_id`, `body`, `is_important`, `is_delivered`, `created_at`) VALUES (193, 72, 21, 'Porro ratione alias nisi aut numquam. Itaque ut et rerum non architecto. Suscipit velit repellat sed est debitis aut ipsa.', 1, 1, '1990-07-30 14:21:34');
INSERT INTO `messages` (`id`, `from_user_id`, `to_user_id`, `body`, `is_important`, `is_delivered`, `created_at`) VALUES (194, 71, 47, 'A quasi quis at ipsam dolorem nobis. Dignissimos illum harum odio accusamus asperiores est dolorum. Animi rerum rerum minima. Enim similique veniam omnis ipsum doloremque fugit. Nam veniam laboriosam autem vel iusto.', 0, 0, '1974-03-05 16:20:46');
INSERT INTO `messages` (`id`, `from_user_id`, `to_user_id`, `body`, `is_important`, `is_delivered`, `created_at`) VALUES (195, 25, 76, 'Ipsum consectetur aspernatur error nesciunt ut. Quia rerum ipsa sunt qui quasi nihil tempora est. Quia rem eius expedita omnis qui vitae nisi neque. Ut sit dolorem dolorem velit minima possimus.', 1, 0, '1992-06-16 06:09:11');
INSERT INTO `messages` (`id`, `from_user_id`, `to_user_id`, `body`, `is_important`, `is_delivered`, `created_at`) VALUES (196, 78, 10, 'Autem in iste ex tempora. Magni doloremque quas non. Ut expedita corporis placeat ipsam at molestiae veritatis. Ut optio laboriosam accusamus enim autem placeat.', 0, 1, '2005-02-17 07:47:55');
INSERT INTO `messages` (`id`, `from_user_id`, `to_user_id`, `body`, `is_important`, `is_delivered`, `created_at`) VALUES (197, 54, 68, 'In est aliquam debitis animi quae. Voluptatem incidunt distinctio nostrum placeat laudantium natus. A ut animi nam explicabo alias.', 1, 0, '2008-07-28 01:23:54');
INSERT INTO `messages` (`id`, `from_user_id`, `to_user_id`, `body`, `is_important`, `is_delivered`, `created_at`) VALUES (198, 65, 20, 'Consequuntur sit fugit impedit voluptatem. Voluptas repudiandae ut autem libero quod impedit voluptas. Incidunt omnis ducimus fuga repellat. Rem et maiores culpa et facere.', 1, 1, '2005-09-15 13:36:15');
INSERT INTO `messages` (`id`, `from_user_id`, `to_user_id`, `body`, `is_important`, `is_delivered`, `created_at`) VALUES (199, 45, 10, 'Eligendi mollitia ea possimus sed ut. Quod quo ut possimus aut laudantium magni rerum corrupti. Dolores delectus ullam saepe doloribus maiores expedita.', 0, 0, '1977-12-26 16:47:14');
INSERT INTO `messages` (`id`, `from_user_id`, `to_user_id`, `body`, `is_important`, `is_delivered`, `created_at`) VALUES (200, 68, 2, 'Ut accusantium quo libero quibusdam iure et et. Nostrum quia sed et suscipit. Et inventore amet cumque itaque qui.', 1, 1, '1994-05-20 17:07:13');
INSERT INTO `messages` (`id`, `from_user_id`, `to_user_id`, `body`, `is_important`, `is_delivered`, `created_at`) VALUES (201, 87, 72, 'Unde odit ea voluptatem possimus. Animi pariatur adipisci fuga officiis. Doloremque at est modi possimus.', 1, 0, '2012-09-06 08:46:36');
INSERT INTO `messages` (`id`, `from_user_id`, `to_user_id`, `body`, `is_important`, `is_delivered`, `created_at`) VALUES (202, 40, 93, 'Maiores qui sequi natus dolores illum enim id. Voluptate repudiandae officia sed et odio occaecati. Quisquam dicta sint sint sunt et aliquam ea. Et neque odit non dolorum iste.', 0, 1, '1979-06-26 22:02:12');
INSERT INTO `messages` (`id`, `from_user_id`, `to_user_id`, `body`, `is_important`, `is_delivered`, `created_at`) VALUES (203, 12, 27, 'Dolor rerum rerum quasi vero earum. Voluptatem quidem molestiae officia voluptatibus odio nihil cum eum. Voluptatibus sunt iure vitae in dolorem quas amet cupiditate. Praesentium magni debitis blanditiis veniam eius quod similique.', 0, 0, '1970-01-03 06:30:34');
INSERT INTO `messages` (`id`, `from_user_id`, `to_user_id`, `body`, `is_important`, `is_delivered`, `created_at`) VALUES (204, 3, 1, 'Illum quidem quos reprehenderit eaque odio. Autem quam cum ut ducimus nemo blanditiis. Velit velit eos architecto atque sed maiores. Doloribus rem unde architecto amet commodi aliquid magni.', 0, 0, '1977-02-16 18:55:45');
INSERT INTO `messages` (`id`, `from_user_id`, `to_user_id`, `body`, `is_important`, `is_delivered`, `created_at`) VALUES (205, 69, 84, 'Vel aliquam rerum et et reprehenderit. Consequuntur blanditiis et cupiditate provident. Sunt iure facilis esse ut beatae. Veniam exercitationem ipsam neque recusandae.', 0, 0, '1993-08-27 08:47:09');
INSERT INTO `messages` (`id`, `from_user_id`, `to_user_id`, `body`, `is_important`, `is_delivered`, `created_at`) VALUES (206, 20, 0, 'Sed omnis aut velit numquam voluptates ut. Exercitationem odit praesentium aspernatur dolor vel sed enim sequi. Eum sequi tempore ut sit.', 1, 0, '1996-03-28 14:06:29');
INSERT INTO `messages` (`id`, `from_user_id`, `to_user_id`, `body`, `is_important`, `is_delivered`, `created_at`) VALUES (207, 59, 34, 'Reprehenderit repudiandae praesentium cum voluptas sit. Labore facere qui doloribus eum fuga temporibus. Voluptas quia ut fuga sunt sit esse.', 0, 0, '1999-10-19 00:38:33');
INSERT INTO `messages` (`id`, `from_user_id`, `to_user_id`, `body`, `is_important`, `is_delivered`, `created_at`) VALUES (208, 44, 63, 'Nisi est quasi impedit velit. Inventore earum voluptatem quos quos. Quia aut autem soluta suscipit quasi sit.', 0, 0, '2007-10-15 21:30:09');
INSERT INTO `messages` (`id`, `from_user_id`, `to_user_id`, `body`, `is_important`, `is_delivered`, `created_at`) VALUES (209, 72, 100, 'Et quae beatae ipsum velit mollitia. Quia sed debitis animi quasi consectetur. Ut quibusdam numquam voluptates neque. Aspernatur consequatur odio fugiat quo nobis dolor vel.', 0, 1, '1999-03-04 23:28:20');
INSERT INTO `messages` (`id`, `from_user_id`, `to_user_id`, `body`, `is_important`, `is_delivered`, `created_at`) VALUES (210, 64, 75, 'Blanditiis voluptatem fuga eos iusto accusantium. Provident quisquam ut non voluptatibus consequatur eum eum rerum. Rerum nihil libero incidunt fugiat dolor aut in.', 0, 1, '2004-12-12 04:30:50');
INSERT INTO `messages` (`id`, `from_user_id`, `to_user_id`, `body`, `is_important`, `is_delivered`, `created_at`) VALUES (211, 74, 54, 'Molestiae quod vel a quibusdam et excepturi. Culpa necessitatibus natus enim explicabo. Labore porro voluptas nisi.', 0, 0, '1990-09-16 15:09:11');
INSERT INTO `messages` (`id`, `from_user_id`, `to_user_id`, `body`, `is_important`, `is_delivered`, `created_at`) VALUES (212, 3, 0, 'Nihil voluptate optio voluptas. Ut illum ut maxime velit qui tempora tenetur.', 0, 0, '1980-05-11 13:02:57');
INSERT INTO `messages` (`id`, `from_user_id`, `to_user_id`, `body`, `is_important`, `is_delivered`, `created_at`) VALUES (213, 74, 68, 'Distinctio consequuntur sit nulla velit provident explicabo molestiae. Ut veritatis omnis voluptatum aut aperiam et. Quae minima et quibusdam et hic similique.', 1, 1, '1976-06-29 15:18:38');
INSERT INTO `messages` (`id`, `from_user_id`, `to_user_id`, `body`, `is_important`, `is_delivered`, `created_at`) VALUES (214, 36, 90, 'Et accusantium dicta voluptatem velit reiciendis vero sapiente cumque. Deserunt vitae sed quo qui. Autem reiciendis qui quo deserunt aut quidem. Quia recusandae perferendis dolores asperiores.', 1, 1, '1987-01-03 15:57:29');
INSERT INTO `messages` (`id`, `from_user_id`, `to_user_id`, `body`, `is_important`, `is_delivered`, `created_at`) VALUES (215, 26, 17, 'Eos laudantium sunt quis inventore. Vero aliquam consequuntur voluptas. Inventore consequatur nostrum provident non voluptas.', 1, 0, '1973-09-18 23:47:04');
INSERT INTO `messages` (`id`, `from_user_id`, `to_user_id`, `body`, `is_important`, `is_delivered`, `created_at`) VALUES (216, 42, 8, 'Totam sunt sunt molestiae sunt voluptatem qui dolorem. Labore minima voluptas architecto hic tempore enim. Laborum quo animi eum ullam nam. Atque magni aliquam sit nihil ut esse.', 1, 0, '1994-07-01 14:20:35');
INSERT INTO `messages` (`id`, `from_user_id`, `to_user_id`, `body`, `is_important`, `is_delivered`, `created_at`) VALUES (217, 7, 4, 'Veniam exercitationem aut voluptatem ipsum expedita. Illum corporis consequuntur ullam ipsum et assumenda dolorum ratione. Consequuntur consequuntur et repudiandae rerum ut soluta hic et.', 0, 0, '2019-12-15 00:19:11');
INSERT INTO `messages` (`id`, `from_user_id`, `to_user_id`, `body`, `is_important`, `is_delivered`, `created_at`) VALUES (218, 90, 63, 'Magni aliquid ut porro libero voluptatem qui placeat. Sit aut atque rerum consequatur est. Magni voluptatem doloremque quos eveniet vel iure quos et.', 0, 1, '2003-06-26 21:14:57');
INSERT INTO `messages` (`id`, `from_user_id`, `to_user_id`, `body`, `is_important`, `is_delivered`, `created_at`) VALUES (219, 3, 78, 'Magni voluptates eum occaecati. Necessitatibus voluptatem facere magni aut. Accusamus autem assumenda reprehenderit expedita quas eos dicta mollitia.', 0, 0, '1991-03-18 12:55:00');
INSERT INTO `messages` (`id`, `from_user_id`, `to_user_id`, `body`, `is_important`, `is_delivered`, `created_at`) VALUES (220, 56, 63, 'Quisquam laboriosam suscipit eum quaerat eos quo in. Autem rerum perspiciatis quis voluptas qui libero esse.', 1, 1, '1984-06-30 12:32:00');
INSERT INTO `messages` (`id`, `from_user_id`, `to_user_id`, `body`, `is_important`, `is_delivered`, `created_at`) VALUES (221, 1, 59, 'Eaque quaerat et id voluptas qui ullam ea. Nihil eum in sit maiores minima.', 0, 1, '2005-03-31 00:37:46');
INSERT INTO `messages` (`id`, `from_user_id`, `to_user_id`, `body`, `is_important`, `is_delivered`, `created_at`) VALUES (222, 80, 46, 'Reiciendis eos ut nostrum omnis. Sit omnis sed et culpa quaerat id. Atque fugiat est ab commodi et. Inventore natus cum velit ullam ab. Aut dolorum iure ut delectus velit aliquam dolorem asperiores.', 0, 1, '1979-10-19 08:28:16');
INSERT INTO `messages` (`id`, `from_user_id`, `to_user_id`, `body`, `is_important`, `is_delivered`, `created_at`) VALUES (223, 41, 46, 'Distinctio aspernatur sit beatae et natus ut. Quia odit est nisi architecto. Quasi molestias ut neque dignissimos.', 1, 0, '2012-05-19 17:36:09');
INSERT INTO `messages` (`id`, `from_user_id`, `to_user_id`, `body`, `is_important`, `is_delivered`, `created_at`) VALUES (224, 84, 37, 'Qui rerum ea unde aut aut totam labore. Et libero quam tenetur aut. Quos sit voluptatibus quod enim. Ut velit odio molestias voluptates.', 0, 0, '1980-02-02 22:31:19');
INSERT INTO `messages` (`id`, `from_user_id`, `to_user_id`, `body`, `is_important`, `is_delivered`, `created_at`) VALUES (225, 43, 28, 'Doloribus ut in aut molestias blanditiis. Similique eveniet placeat dicta deserunt. Ea omnis dolores explicabo nihil omnis mollitia perspiciatis.', 0, 1, '2005-09-28 01:22:09');
INSERT INTO `messages` (`id`, `from_user_id`, `to_user_id`, `body`, `is_important`, `is_delivered`, `created_at`) VALUES (226, 32, 52, 'Voluptate voluptas exercitationem quis ab qui et veritatis corrupti. Debitis assumenda in deserunt eligendi. Quia dolorem non tempore.', 1, 1, '1990-04-28 03:27:44');
INSERT INTO `messages` (`id`, `from_user_id`, `to_user_id`, `body`, `is_important`, `is_delivered`, `created_at`) VALUES (227, 90, 72, 'Nulla illum ipsam recusandae laboriosam dignissimos nisi tempore eius. Fugit quibusdam corrupti qui et voluptas dignissimos. Sapiente voluptatem iure iste.', 1, 1, '2014-09-10 23:38:20');
INSERT INTO `messages` (`id`, `from_user_id`, `to_user_id`, `body`, `is_important`, `is_delivered`, `created_at`) VALUES (228, 39, 56, 'Quia saepe impedit necessitatibus voluptatem maxime consequatur. Vero facilis amet non. Iure facilis quo neque quasi dolorem corporis. Et maxime nulla dolorem molestiae quo quia harum.', 0, 0, '1983-09-29 18:05:11');
INSERT INTO `messages` (`id`, `from_user_id`, `to_user_id`, `body`, `is_important`, `is_delivered`, `created_at`) VALUES (229, 75, 70, 'Illo in error esse qui rem neque vel fugiat. Occaecati saepe necessitatibus dolore. Non pariatur tenetur adipisci ullam. Qui voluptatem expedita non eveniet impedit.', 0, 0, '1996-07-01 04:27:49');
INSERT INTO `messages` (`id`, `from_user_id`, `to_user_id`, `body`, `is_important`, `is_delivered`, `created_at`) VALUES (230, 50, 22, 'Quia et eius quae culpa veritatis. Dolorum officia doloribus cum dolores possimus velit eos. Non natus est nostrum quo perspiciatis esse. Perspiciatis optio voluptatem veniam quisquam.', 0, 0, '1979-10-05 23:00:32');
INSERT INTO `messages` (`id`, `from_user_id`, `to_user_id`, `body`, `is_important`, `is_delivered`, `created_at`) VALUES (231, 60, 66, 'Qui sit est rem unde. Veritatis et autem vitae natus deleniti nobis. Dolorem molestiae velit occaecati quod sapiente. Tempore enim dolores laborum est esse.', 1, 1, '2011-11-11 01:51:26');
INSERT INTO `messages` (`id`, `from_user_id`, `to_user_id`, `body`, `is_important`, `is_delivered`, `created_at`) VALUES (232, 19, 50, 'Architecto sint delectus aut numquam quo. Nam necessitatibus pariatur quas. Neque maiores quia commodi natus modi totam officia ratione. Corporis fugit velit quia optio. Quas est labore optio neque debitis temporibus corporis omnis.', 0, 1, '2016-06-18 23:46:23');
INSERT INTO `messages` (`id`, `from_user_id`, `to_user_id`, `body`, `is_important`, `is_delivered`, `created_at`) VALUES (233, 100, 59, 'Quia quasi alias quas tempore aut. Aut non velit magnam quibusdam quia quia optio. Id incidunt officiis quaerat aut pariatur vitae.', 1, 1, '1998-10-30 13:55:56');
INSERT INTO `messages` (`id`, `from_user_id`, `to_user_id`, `body`, `is_important`, `is_delivered`, `created_at`) VALUES (234, 32, 96, 'Maxime rerum laboriosam totam numquam sint esse. Unde nihil ad minima nihil non similique laborum. Eius exercitationem praesentium dolorem distinctio molestiae. Quis perspiciatis voluptate rem numquam neque.', 0, 1, '1987-09-06 16:39:29');
INSERT INTO `messages` (`id`, `from_user_id`, `to_user_id`, `body`, `is_important`, `is_delivered`, `created_at`) VALUES (235, 64, 70, 'Ut ex dolor inventore sed quo est provident. Eius in qui qui error. Doloremque qui veniam reprehenderit.', 1, 1, '1975-08-03 11:17:44');
INSERT INTO `messages` (`id`, `from_user_id`, `to_user_id`, `body`, `is_important`, `is_delivered`, `created_at`) VALUES (236, 61, 30, 'Ut quisquam magnam sed et quia enim voluptatibus sint. Blanditiis saepe ut aspernatur ut quasi a rerum. Et ut ullam aut provident necessitatibus facilis.', 1, 0, '1979-09-29 12:03:14');
INSERT INTO `messages` (`id`, `from_user_id`, `to_user_id`, `body`, `is_important`, `is_delivered`, `created_at`) VALUES (237, 45, 0, 'Mollitia dolorem rerum est ratione quidem. Omnis ex quia facilis. Eos maxime voluptas cum magnam rem deserunt. Repudiandae molestias minus tempore explicabo ex est odio.', 0, 1, '1973-09-26 12:03:27');
INSERT INTO `messages` (`id`, `from_user_id`, `to_user_id`, `body`, `is_important`, `is_delivered`, `created_at`) VALUES (238, 41, 88, 'Et et assumenda natus autem aliquid illum. Voluptate expedita unde et unde autem aut perspiciatis. Voluptas distinctio veritatis natus nemo doloremque dolor similique.', 1, 0, '1973-05-06 02:01:07');
INSERT INTO `messages` (`id`, `from_user_id`, `to_user_id`, `body`, `is_important`, `is_delivered`, `created_at`) VALUES (239, 27, 5, 'Doloremque consequuntur doloremque qui iusto ut. Tempora nihil illo commodi architecto. Eveniet harum et fugiat qui. Ea optio fuga neque et non rerum eum.', 0, 1, '1993-03-09 04:06:52');
INSERT INTO `messages` (`id`, `from_user_id`, `to_user_id`, `body`, `is_important`, `is_delivered`, `created_at`) VALUES (240, 7, 86, 'Quod quidem quam qui labore excepturi. Error est voluptatem autem dolor occaecati est. Quisquam earum odio minus mollitia dolorum sunt labore. Veritatis exercitationem ipsam aperiam voluptatibus quo quibusdam modi.', 1, 0, '1975-11-11 02:16:28');
INSERT INTO `messages` (`id`, `from_user_id`, `to_user_id`, `body`, `is_important`, `is_delivered`, `created_at`) VALUES (241, 22, 18, 'Ratione minus quia voluptas. Expedita quas repudiandae aliquam dolorem enim. Architecto autem maxime eaque asperiores doloremque reprehenderit itaque. Quia est fugit ipsa sed et ut.', 0, 1, '1985-09-14 00:52:17');
INSERT INTO `messages` (`id`, `from_user_id`, `to_user_id`, `body`, `is_important`, `is_delivered`, `created_at`) VALUES (242, 93, 33, 'In corrupti sed est et sequi aut sit. Consequatur accusantium omnis commodi recusandae. Odit ipsum in adipisci amet cupiditate dignissimos provident.', 0, 0, '1985-06-20 14:41:32');
INSERT INTO `messages` (`id`, `from_user_id`, `to_user_id`, `body`, `is_important`, `is_delivered`, `created_at`) VALUES (243, 75, 35, 'Rem quo quia velit voluptas dolores reprehenderit in. Dolore et quis quam unde voluptatibus. Repellendus blanditiis consequatur autem hic soluta tempore.', 0, 0, '1995-10-25 23:54:56');
INSERT INTO `messages` (`id`, `from_user_id`, `to_user_id`, `body`, `is_important`, `is_delivered`, `created_at`) VALUES (244, 48, 86, 'Ut repellendus exercitationem ipsa ut consequuntur consequuntur quo. Alias id ut aut aut amet quo. Cumque quaerat ut sint corrupti maiores error velit.', 0, 1, '1992-07-19 10:06:13');
INSERT INTO `messages` (`id`, `from_user_id`, `to_user_id`, `body`, `is_important`, `is_delivered`, `created_at`) VALUES (245, 49, 100, 'Porro vero omnis temporibus suscipit pariatur occaecati. Vel facere rem similique eaque voluptate nihil aut deleniti. Et accusantium impedit qui.', 1, 1, '2004-05-22 07:55:59');
INSERT INTO `messages` (`id`, `from_user_id`, `to_user_id`, `body`, `is_important`, `is_delivered`, `created_at`) VALUES (246, 20, 43, 'Atque vero consequatur consectetur est beatae incidunt suscipit dolorem. Labore nobis aliquam qui.', 0, 0, '1995-08-26 19:34:07');
INSERT INTO `messages` (`id`, `from_user_id`, `to_user_id`, `body`, `is_important`, `is_delivered`, `created_at`) VALUES (247, 1, 35, 'Ea qui odio itaque libero accusantium exercitationem. Consectetur voluptate explicabo nemo. Possimus et vel quas sint rerum cum. Distinctio qui recusandae inventore et tenetur voluptates.', 0, 1, '2016-12-20 11:51:49');
INSERT INTO `messages` (`id`, `from_user_id`, `to_user_id`, `body`, `is_important`, `is_delivered`, `created_at`) VALUES (248, 62, 17, 'Velit at laborum error recusandae in dignissimos dolorum. Eos aliquid incidunt consectetur nihil necessitatibus. Consequuntur dolor officia laudantium ratione voluptas tenetur tenetur. Mollitia delectus dolores exercitationem animi ea.', 1, 0, '2015-03-22 19:03:09');
INSERT INTO `messages` (`id`, `from_user_id`, `to_user_id`, `body`, `is_important`, `is_delivered`, `created_at`) VALUES (249, 54, 70, 'Itaque fugit nihil voluptatem id dolor sit. Vel placeat officiis vero molestiae et.', 1, 1, '2019-08-10 03:46:00');
INSERT INTO `messages` (`id`, `from_user_id`, `to_user_id`, `body`, `is_important`, `is_delivered`, `created_at`) VALUES (250, 0, 24, 'Repellat fugit aut incidunt ex aliquam. Qui iusto aperiam ducimus corporis blanditiis recusandae qui. Omnis illo consequatur rerum temporibus est ducimus eveniet. Modi non molestiae quisquam pariatur.', 1, 0, '1991-01-14 14:50:24');
INSERT INTO `messages` (`id`, `from_user_id`, `to_user_id`, `body`, `is_important`, `is_delivered`, `created_at`) VALUES (251, 23, 26, 'Aliquam iure consequatur qui. Tenetur blanditiis mollitia voluptatem voluptatem. Sed maiores nam nesciunt nam.', 1, 0, '1992-03-29 20:28:04');
INSERT INTO `messages` (`id`, `from_user_id`, `to_user_id`, `body`, `is_important`, `is_delivered`, `created_at`) VALUES (252, 65, 43, 'Accusantium aut qui eum nulla. Sequi facere dolorem amet velit ullam suscipit quisquam veniam. In vitae illo officia fugiat et. Voluptatibus doloremque dolorum et et itaque molestiae.', 0, 0, '1970-04-28 00:04:50');
INSERT INTO `messages` (`id`, `from_user_id`, `to_user_id`, `body`, `is_important`, `is_delivered`, `created_at`) VALUES (253, 38, 34, 'Et illo ipsam voluptate deleniti rerum voluptatem. Omnis similique aspernatur aspernatur sunt. Quam assumenda sit ut dolorem aliquid voluptatem quia. Quod ab rerum iure aliquid sunt. Laboriosam voluptatem quasi distinctio est et.', 0, 1, '2005-12-08 09:05:46');
INSERT INTO `messages` (`id`, `from_user_id`, `to_user_id`, `body`, `is_important`, `is_delivered`, `created_at`) VALUES (254, 65, 1, 'Quae nihil sed quis sunt et praesentium dolorem. Molestiae omnis itaque ut qui. Unde ex quia velit dolorem id rerum optio. Expedita iusto eum velit sed libero.', 1, 1, '2004-03-27 09:43:00');
INSERT INTO `messages` (`id`, `from_user_id`, `to_user_id`, `body`, `is_important`, `is_delivered`, `created_at`) VALUES (255, 84, 48, 'Ipsa est ut reiciendis molestias sapiente. Porro illum hic quaerat quibusdam ab. Harum et minima placeat ut est ab aut qui. Libero minus voluptas architecto velit commodi recusandae sit.', 0, 0, '1994-11-13 23:13:58');
INSERT INTO `messages` (`id`, `from_user_id`, `to_user_id`, `body`, `is_important`, `is_delivered`, `created_at`) VALUES (256, 7, 54, 'Distinctio hic voluptatem nobis optio veritatis nostrum animi. Fugiat autem neque non.', 0, 1, '1971-03-06 08:27:03');
INSERT INTO `messages` (`id`, `from_user_id`, `to_user_id`, `body`, `is_important`, `is_delivered`, `created_at`) VALUES (257, 51, 19, 'Et consectetur ab ipsa porro. Deleniti dolorem laborum voluptas sint praesentium et. Sunt quis nulla repellat nihil.', 0, 0, '2011-06-22 18:19:53');
INSERT INTO `messages` (`id`, `from_user_id`, `to_user_id`, `body`, `is_important`, `is_delivered`, `created_at`) VALUES (258, 24, 43, 'Illum laborum repudiandae reprehenderit rerum. Nihil quia facere ipsa sint ducimus. Doloremque nam est autem omnis sit accusantium. Enim autem iste non sunt. Tempore omnis non rerum qui est sapiente.', 0, 1, '2013-01-11 15:31:53');
INSERT INTO `messages` (`id`, `from_user_id`, `to_user_id`, `body`, `is_important`, `is_delivered`, `created_at`) VALUES (259, 58, 47, 'Molestiae unde asperiores officiis consectetur voluptatem. Quia eum exercitationem sit corporis dolor. Ipsam libero labore accusantium dolorum aut. Dolores quae voluptas nobis officia sed commodi odit.', 0, 0, '1971-10-14 02:35:15');
INSERT INTO `messages` (`id`, `from_user_id`, `to_user_id`, `body`, `is_important`, `is_delivered`, `created_at`) VALUES (260, 56, 58, 'Ea deserunt doloremque facere consequatur similique sint occaecati. Qui perspiciatis placeat dolorem est nisi exercitationem quia. Neque quo maiores magni expedita asperiores est ut.', 1, 0, '1972-07-30 16:19:01');
INSERT INTO `messages` (`id`, `from_user_id`, `to_user_id`, `body`, `is_important`, `is_delivered`, `created_at`) VALUES (261, 55, 10, 'Ducimus reprehenderit consequatur perspiciatis in dolorem est modi. Perferendis tempora et nihil nam.', 1, 0, '1986-11-27 14:01:55');
INSERT INTO `messages` (`id`, `from_user_id`, `to_user_id`, `body`, `is_important`, `is_delivered`, `created_at`) VALUES (262, 42, 86, 'Et ut sit aut voluptas. Fugiat nesciunt reiciendis aut deleniti voluptate quod dolore. Quaerat voluptas repellat laborum recusandae et nobis quo.', 0, 0, '1976-05-14 22:05:50');
INSERT INTO `messages` (`id`, `from_user_id`, `to_user_id`, `body`, `is_important`, `is_delivered`, `created_at`) VALUES (263, 7, 2, 'Sit nesciunt dolorem voluptatem quia est exercitationem. Possimus placeat doloribus nihil optio perferendis eum.', 0, 1, '1999-08-27 08:43:35');
INSERT INTO `messages` (`id`, `from_user_id`, `to_user_id`, `body`, `is_important`, `is_delivered`, `created_at`) VALUES (264, 73, 48, 'Eos voluptatibus est voluptas laudantium. Tempore quibusdam delectus quo. Voluptas impedit voluptas et.', 1, 1, '2006-03-18 23:37:57');
INSERT INTO `messages` (`id`, `from_user_id`, `to_user_id`, `body`, `is_important`, `is_delivered`, `created_at`) VALUES (265, 26, 87, 'Commodi amet hic fugiat dolore sed ipsam sunt adipisci. Qui earum enim praesentium sit minima. Amet ipsam repellat id illo nobis suscipit enim. Quaerat qui numquam porro necessitatibus.', 0, 0, '1997-12-18 15:10:19');
INSERT INTO `messages` (`id`, `from_user_id`, `to_user_id`, `body`, `is_important`, `is_delivered`, `created_at`) VALUES (266, 25, 16, 'Voluptatem vero consectetur corporis corrupti. Qui illo voluptatem porro unde cupiditate magnam. Magnam repudiandae excepturi doloribus tenetur est amet id. Non nihil aut excepturi rem similique non id.', 1, 1, '2011-07-09 10:30:36');
INSERT INTO `messages` (`id`, `from_user_id`, `to_user_id`, `body`, `is_important`, `is_delivered`, `created_at`) VALUES (267, 92, 3, 'Harum omnis repudiandae ut illo nobis. Deserunt maiores consequatur ab ab sed sed. Vel dolorem ea dolor ut vero.', 1, 0, '1974-07-15 00:44:11');
INSERT INTO `messages` (`id`, `from_user_id`, `to_user_id`, `body`, `is_important`, `is_delivered`, `created_at`) VALUES (268, 25, 24, 'Quasi sunt similique et maxime atque consequuntur. Sequi similique quas nihil. Corporis labore perspiciatis veniam corrupti animi aspernatur facere.', 1, 1, '1990-10-17 06:50:11');
INSERT INTO `messages` (`id`, `from_user_id`, `to_user_id`, `body`, `is_important`, `is_delivered`, `created_at`) VALUES (269, 51, 71, 'Consequatur molestiae impedit cumque voluptatem consequatur facilis optio. Voluptatem ut qui sint et animi et eum. Aperiam voluptatem doloremque qui nihil reprehenderit. Ad labore consectetur ut.', 0, 1, '2003-07-06 08:17:27');
INSERT INTO `messages` (`id`, `from_user_id`, `to_user_id`, `body`, `is_important`, `is_delivered`, `created_at`) VALUES (270, 4, 23, 'Aut quos aut quisquam sed. Facere doloremque neque voluptas nostrum quia qui. Tenetur quis consequuntur quo quia voluptas sed omnis. Quia quasi ducimus autem qui nulla. Amet velit odit ex.', 0, 1, '1974-09-05 07:12:29');
INSERT INTO `messages` (`id`, `from_user_id`, `to_user_id`, `body`, `is_important`, `is_delivered`, `created_at`) VALUES (271, 73, 78, 'Facere voluptatem provident a blanditiis neque aut. Ex eos cum quo quis asperiores. Quaerat rerum aliquam est accusamus aut explicabo dolores beatae.', 0, 1, '1986-08-11 07:07:13');
INSERT INTO `messages` (`id`, `from_user_id`, `to_user_id`, `body`, `is_important`, `is_delivered`, `created_at`) VALUES (272, 69, 55, 'Alias voluptatem debitis laudantium tempora. Id quod fuga ad. Dolores modi laborum est dolorem.', 1, 1, '2013-02-07 11:56:42');
INSERT INTO `messages` (`id`, `from_user_id`, `to_user_id`, `body`, `is_important`, `is_delivered`, `created_at`) VALUES (273, 22, 27, 'Sit nulla doloribus error deserunt quas illum voluptas perspiciatis. Eum a sint est et et aperiam. Mollitia earum aut et in omnis repudiandae.', 1, 0, '2012-05-07 09:07:52');
INSERT INTO `messages` (`id`, `from_user_id`, `to_user_id`, `body`, `is_important`, `is_delivered`, `created_at`) VALUES (274, 52, 16, 'Possimus harum adipisci at explicabo. Qui enim ducimus et. Vero earum inventore sit blanditiis.', 1, 1, '2015-10-27 08:30:21');
INSERT INTO `messages` (`id`, `from_user_id`, `to_user_id`, `body`, `is_important`, `is_delivered`, `created_at`) VALUES (275, 24, 13, 'Iure perspiciatis optio provident sed. Quidem quidem corrupti repudiandae porro necessitatibus voluptatem. Ab voluptatum placeat iure eos. Ea aliquam occaecati beatae eos quia quos repudiandae. Odio qui aut totam qui dolorem dolorum nesciunt.', 0, 0, '1985-08-06 14:43:31');
INSERT INTO `messages` (`id`, `from_user_id`, `to_user_id`, `body`, `is_important`, `is_delivered`, `created_at`) VALUES (276, 72, 82, 'Animi nam nihil nisi consequatur officia ea. Quam magni nulla eum corporis est at officiis.', 1, 1, '1985-09-27 12:38:31');
INSERT INTO `messages` (`id`, `from_user_id`, `to_user_id`, `body`, `is_important`, `is_delivered`, `created_at`) VALUES (277, 25, 13, 'Consequatur minima voluptatem voluptatem odit magni odit. Provident illum placeat ipsa eligendi. Et est expedita voluptas. Itaque et sapiente et tempora reprehenderit cum.', 0, 1, '2003-08-05 08:50:16');
INSERT INTO `messages` (`id`, `from_user_id`, `to_user_id`, `body`, `is_important`, `is_delivered`, `created_at`) VALUES (278, 100, 98, 'Nostrum dolor cum provident ut dolorem. Non et illum exercitationem nobis tempora consectetur harum laborum. Maxime est saepe quisquam nesciunt reprehenderit occaecati. Et placeat dicta molestiae voluptatem quasi dolor est.', 0, 1, '1997-03-22 15:45:13');
INSERT INTO `messages` (`id`, `from_user_id`, `to_user_id`, `body`, `is_important`, `is_delivered`, `created_at`) VALUES (279, 41, 35, 'Quo consequuntur qui nisi. Autem et itaque quos cumque ut. Quae consequatur asperiores suscipit quia nulla.', 1, 1, '2008-01-25 14:06:46');
INSERT INTO `messages` (`id`, `from_user_id`, `to_user_id`, `body`, `is_important`, `is_delivered`, `created_at`) VALUES (280, 10, 52, 'Accusantium eos consequatur ipsa et. Explicabo amet neque et omnis sequi. Distinctio eos necessitatibus excepturi quam.', 1, 0, '1979-08-12 04:07:47');
INSERT INTO `messages` (`id`, `from_user_id`, `to_user_id`, `body`, `is_important`, `is_delivered`, `created_at`) VALUES (281, 53, 30, 'Sed rerum commodi sequi illo consequatur. Modi qui minima qui adipisci ullam voluptatem ducimus. Est voluptatum id qui sit magnam et qui.', 1, 0, '1997-09-09 17:21:05');
INSERT INTO `messages` (`id`, `from_user_id`, `to_user_id`, `body`, `is_important`, `is_delivered`, `created_at`) VALUES (282, 78, 29, 'Ducimus tenetur soluta dolores esse minima. Atque a aspernatur ut consequatur. Maxime ratione voluptatem debitis quaerat veritatis itaque perspiciatis.', 0, 0, '2007-11-14 13:31:59');
INSERT INTO `messages` (`id`, `from_user_id`, `to_user_id`, `body`, `is_important`, `is_delivered`, `created_at`) VALUES (283, 28, 13, 'Harum earum voluptatem vel exercitationem. Quasi maxime cum amet ipsam repellat velit assumenda. Tempore sed quia est esse tempora et sed recusandae. Quia fugiat velit distinctio vel maxime voluptas.', 1, 1, '1974-01-27 13:03:51');
INSERT INTO `messages` (`id`, `from_user_id`, `to_user_id`, `body`, `is_important`, `is_delivered`, `created_at`) VALUES (284, 70, 99, 'Omnis officiis odit sequi id illum. Voluptatem enim reprehenderit sit aut ut qui nesciunt. Cupiditate incidunt iste quis voluptates neque non.', 1, 1, '1998-02-28 14:47:27');
INSERT INTO `messages` (`id`, `from_user_id`, `to_user_id`, `body`, `is_important`, `is_delivered`, `created_at`) VALUES (285, 87, 81, 'Voluptas quaerat quae adipisci et excepturi. Error error harum dolor commodi soluta odit ut. Doloremque officiis officiis quo magni molestiae id nostrum. Deleniti aut ut eum.', 1, 1, '1976-08-17 01:10:54');
INSERT INTO `messages` (`id`, `from_user_id`, `to_user_id`, `body`, `is_important`, `is_delivered`, `created_at`) VALUES (286, 18, 13, 'Distinctio dolor ut rem architecto esse et et. Voluptas quia aspernatur blanditiis. Voluptatibus aut rem tempora sit in dolor. Id debitis consequatur voluptatem est incidunt et.', 1, 0, '1977-09-02 19:32:20');
INSERT INTO `messages` (`id`, `from_user_id`, `to_user_id`, `body`, `is_important`, `is_delivered`, `created_at`) VALUES (287, 77, 96, 'Aut facilis corrupti iusto nihil ab quaerat. Reiciendis qui optio quo esse eum suscipit. Voluptas qui dolor porro aperiam quo natus quo.', 0, 1, '1990-05-08 03:12:07');
INSERT INTO `messages` (`id`, `from_user_id`, `to_user_id`, `body`, `is_important`, `is_delivered`, `created_at`) VALUES (288, 48, 78, 'Ut veniam aut est beatae. Et saepe qui autem voluptas. Laboriosam sed exercitationem qui inventore veniam laboriosam omnis.', 1, 0, '2019-06-04 12:18:47');
INSERT INTO `messages` (`id`, `from_user_id`, `to_user_id`, `body`, `is_important`, `is_delivered`, `created_at`) VALUES (289, 71, 17, 'Inventore est possimus alias est. Corporis ut asperiores impedit. Asperiores id voluptas quia voluptas voluptatem doloribus id.', 1, 1, '2004-05-13 20:02:41');
INSERT INTO `messages` (`id`, `from_user_id`, `to_user_id`, `body`, `is_important`, `is_delivered`, `created_at`) VALUES (290, 65, 79, 'Non rerum rem omnis sapiente. Dolorem sunt et perferendis quos dolorem. Omnis laborum pariatur dignissimos explicabo magni non corrupti.', 1, 0, '1973-06-10 11:28:57');
INSERT INTO `messages` (`id`, `from_user_id`, `to_user_id`, `body`, `is_important`, `is_delivered`, `created_at`) VALUES (291, 54, 81, 'Aut sunt aspernatur optio minus et vel. Ab cumque id explicabo voluptas numquam autem excepturi. Hic vero eos reprehenderit et unde et.', 0, 1, '2008-10-17 15:24:01');
INSERT INTO `messages` (`id`, `from_user_id`, `to_user_id`, `body`, `is_important`, `is_delivered`, `created_at`) VALUES (292, 43, 89, 'Et vel fugiat accusamus culpa quas est. Reprehenderit sit nisi velit ducimus commodi non. Illo tempora quas iusto sapiente facere. Dolor facilis natus rem est perferendis voluptas vitae. Explicabo numquam dolorum et aspernatur earum.', 1, 0, '2004-04-19 16:47:09');
INSERT INTO `messages` (`id`, `from_user_id`, `to_user_id`, `body`, `is_important`, `is_delivered`, `created_at`) VALUES (293, 96, 77, 'Voluptatem nulla blanditiis tenetur fugiat. Neque nisi vel quae repellendus similique sit perferendis culpa.', 1, 0, '2010-01-25 04:54:47');
INSERT INTO `messages` (`id`, `from_user_id`, `to_user_id`, `body`, `is_important`, `is_delivered`, `created_at`) VALUES (294, 23, 47, 'Facilis corrupti id ut amet. Eos molestiae amet officiis est et dolor nihil. Facere commodi deleniti sunt id autem omnis labore.', 0, 1, '2015-11-29 03:48:29');
INSERT INTO `messages` (`id`, `from_user_id`, `to_user_id`, `body`, `is_important`, `is_delivered`, `created_at`) VALUES (295, 64, 75, 'Qui ut impedit a quo culpa. Doloremque aliquam architecto repudiandae fugiat adipisci laudantium. Ut rerum amet ut magni numquam aut est.', 1, 1, '1989-05-28 18:16:30');
INSERT INTO `messages` (`id`, `from_user_id`, `to_user_id`, `body`, `is_important`, `is_delivered`, `created_at`) VALUES (296, 34, 68, 'Architecto libero neque quaerat soluta. Nam aut itaque fugit aut. Assumenda fuga ut eum. Possimus et expedita voluptates quam vel corrupti.', 0, 1, '1989-06-20 08:47:11');
INSERT INTO `messages` (`id`, `from_user_id`, `to_user_id`, `body`, `is_important`, `is_delivered`, `created_at`) VALUES (297, 71, 26, 'Non reiciendis corporis sed tempora eos quo. Beatae nam error atque autem. Quaerat neque ab beatae ab. Aut voluptatum quia fugit alias aut. Dicta occaecati perferendis ut rem dolore dolor beatae quaerat.', 1, 1, '1999-12-05 11:34:16');
INSERT INTO `messages` (`id`, `from_user_id`, `to_user_id`, `body`, `is_important`, `is_delivered`, `created_at`) VALUES (298, 50, 89, 'Ut corrupti corrupti dolorem. Rerum nisi soluta quae ducimus necessitatibus. Autem dolores aut libero consectetur optio deleniti.', 0, 1, '1982-12-12 16:54:06');
INSERT INTO `messages` (`id`, `from_user_id`, `to_user_id`, `body`, `is_important`, `is_delivered`, `created_at`) VALUES (299, 4, 62, 'Voluptas eos rerum dolore laborum laboriosam pariatur adipisci expedita. Esse et autem qui. Molestiae amet dolorem quod animi officiis recusandae illum.', 1, 0, '1973-10-08 04:58:43');
INSERT INTO `messages` (`id`, `from_user_id`, `to_user_id`, `body`, `is_important`, `is_delivered`, `created_at`) VALUES (300, 46, 80, 'Et expedita tempora ratione. Consequuntur explicabo repellat modi eveniet optio. Nulla consequuntur vel voluptatem. Et atque libero sit consequatur omnis enim consequatur.', 0, 1, '1994-08-01 16:35:05');
INSERT INTO `messages` (`id`, `from_user_id`, `to_user_id`, `body`, `is_important`, `is_delivered`, `created_at`) VALUES (301, 40, 28, 'Nam non illo ratione velit quisquam porro. Distinctio eum mollitia nulla architecto minus. Ipsum veniam consequatur odio esse odit. Qui ut est odio quia doloribus repellendus vel.', 1, 0, '1985-12-30 04:43:26');
INSERT INTO `messages` (`id`, `from_user_id`, `to_user_id`, `body`, `is_important`, `is_delivered`, `created_at`) VALUES (302, 24, 31, 'Nisi iste esse eos eum. Sed aperiam necessitatibus dolorum. Dolorem corrupti quae accusantium facilis necessitatibus. Eaque natus consequatur corrupti rerum inventore tenetur. Perspiciatis consequatur et placeat aliquid.', 1, 0, '2008-12-14 23:31:04');
INSERT INTO `messages` (`id`, `from_user_id`, `to_user_id`, `body`, `is_important`, `is_delivered`, `created_at`) VALUES (303, 21, 15, 'Dignissimos dolorum voluptates temporibus possimus possimus. Et aliquid reiciendis labore ab molestiae necessitatibus in et.', 0, 1, '2011-11-05 18:45:37');
INSERT INTO `messages` (`id`, `from_user_id`, `to_user_id`, `body`, `is_important`, `is_delivered`, `created_at`) VALUES (304, 16, 81, 'Repudiandae sit in dolore vero. Repellat quidem ratione sapiente explicabo. Excepturi sunt hic laudantium magni iste. Assumenda eum sunt omnis veritatis ab nemo repellat.', 0, 1, '2008-10-20 10:52:28');
INSERT INTO `messages` (`id`, `from_user_id`, `to_user_id`, `body`, `is_important`, `is_delivered`, `created_at`) VALUES (305, 64, 92, 'Incidunt est excepturi reiciendis eveniet aspernatur explicabo cumque. Modi ab sint earum et et aut non. Eum sint architecto qui.', 0, 1, '2016-03-13 06:10:58');
INSERT INTO `messages` (`id`, `from_user_id`, `to_user_id`, `body`, `is_important`, `is_delivered`, `created_at`) VALUES (306, 34, 97, 'Adipisci qui illum cum voluptatem sint. Possimus quod exercitationem est distinctio. Explicabo ea nihil dolores qui. Ipsam consequatur deleniti doloribus quia optio ratione non.', 1, 0, '1991-04-15 01:01:22');
INSERT INTO `messages` (`id`, `from_user_id`, `to_user_id`, `body`, `is_important`, `is_delivered`, `created_at`) VALUES (307, 21, 28, 'Animi repellat quia aut odit sed beatae et. Dolorem maiores aut similique distinctio porro sed. Tempora voluptatem cupiditate et iste aut ullam quisquam.', 0, 0, '2005-04-25 10:27:15');
INSERT INTO `messages` (`id`, `from_user_id`, `to_user_id`, `body`, `is_important`, `is_delivered`, `created_at`) VALUES (308, 17, 98, 'Quis ea doloremque ipsum dolore doloremque asperiores. Deserunt et molestias rerum est ut. Maxime aut rerum doloremque esse.', 0, 1, '2020-07-28 16:54:57');
INSERT INTO `messages` (`id`, `from_user_id`, `to_user_id`, `body`, `is_important`, `is_delivered`, `created_at`) VALUES (309, 6, 75, 'Et perspiciatis et voluptatem facere culpa cupiditate nesciunt. Saepe rerum voluptate sequi tempore fugit enim ut. Voluptas quia nisi vitae nostrum dolorum et maiores. Inventore enim asperiores ut corrupti.', 1, 1, '2006-10-19 16:45:55');
INSERT INTO `messages` (`id`, `from_user_id`, `to_user_id`, `body`, `is_important`, `is_delivered`, `created_at`) VALUES (310, 7, 88, 'Aut explicabo laboriosam a ut id velit quo. Debitis hic quidem deserunt et. Odit eius id aut voluptatem voluptatum earum est cumque.', 0, 1, '2006-08-08 08:05:01');
INSERT INTO `messages` (`id`, `from_user_id`, `to_user_id`, `body`, `is_important`, `is_delivered`, `created_at`) VALUES (311, 65, 30, 'Tempora laborum cupiditate earum et vero aliquam dolorum. Aut explicabo minima amet dolores. Placeat quia debitis nemo quaerat qui.', 0, 0, '1978-04-16 11:23:33');
INSERT INTO `messages` (`id`, `from_user_id`, `to_user_id`, `body`, `is_important`, `is_delivered`, `created_at`) VALUES (312, 92, 13, 'Qui sint ut beatae est natus sit. Quasi consectetur natus cum et quia. Omnis odit molestiae ut consequuntur ab non laudantium sed.', 0, 1, '1991-02-11 01:20:54');
INSERT INTO `messages` (`id`, `from_user_id`, `to_user_id`, `body`, `is_important`, `is_delivered`, `created_at`) VALUES (313, 25, 27, 'Suscipit voluptates id esse quos. Veniam dicta numquam necessitatibus quibusdam. Illum aspernatur explicabo qui ut ut cumque non.', 1, 1, '2003-02-07 22:48:45');
INSERT INTO `messages` (`id`, `from_user_id`, `to_user_id`, `body`, `is_important`, `is_delivered`, `created_at`) VALUES (314, 13, 0, 'Voluptatem libero impedit eligendi nulla earum maxime. Architecto laboriosam quibusdam consequuntur rerum suscipit illum. Laborum provident minima qui blanditiis repellendus.', 1, 0, '2002-10-02 12:49:29');
INSERT INTO `messages` (`id`, `from_user_id`, `to_user_id`, `body`, `is_important`, `is_delivered`, `created_at`) VALUES (315, 84, 67, 'Est ullam quia ut pariatur sed nisi eos. Ut eaque non aliquid quod neque repellendus vel. Amet debitis necessitatibus ut itaque non culpa pariatur. Enim libero ut eos est et.', 1, 0, '1986-12-22 19:07:44');
INSERT INTO `messages` (`id`, `from_user_id`, `to_user_id`, `body`, `is_important`, `is_delivered`, `created_at`) VALUES (316, 38, 86, 'A sed voluptatem quia fugit. Hic ut molestiae sed qui sunt vitae sed quia.', 0, 0, '1995-04-05 16:11:18');
INSERT INTO `messages` (`id`, `from_user_id`, `to_user_id`, `body`, `is_important`, `is_delivered`, `created_at`) VALUES (317, 0, 99, 'Est reprehenderit sapiente facere et quidem ullam. Pariatur saepe accusantium accusantium consequuntur aliquam et. Est officiis omnis iusto cum vel numquam perferendis assumenda. Labore doloribus rerum modi est nobis ut perferendis. Consequatur eius eum enim soluta provident tempora animi.', 0, 1, '1977-02-12 19:25:18');
INSERT INTO `messages` (`id`, `from_user_id`, `to_user_id`, `body`, `is_important`, `is_delivered`, `created_at`) VALUES (318, 83, 93, 'Ut esse fugiat vel rerum omnis possimus rem. Dignissimos ut est ad et reiciendis repellendus recusandae.', 1, 1, '2011-02-01 11:57:21');
INSERT INTO `messages` (`id`, `from_user_id`, `to_user_id`, `body`, `is_important`, `is_delivered`, `created_at`) VALUES (319, 24, 23, 'Et et aut aspernatur enim assumenda quas. Nihil aperiam aut culpa enim ut est. Autem illum dicta fugiat ducimus ipsum consequatur quod blanditiis. Aut officia velit quisquam placeat velit quaerat.', 1, 1, '1977-06-07 21:19:28');
INSERT INTO `messages` (`id`, `from_user_id`, `to_user_id`, `body`, `is_important`, `is_delivered`, `created_at`) VALUES (320, 10, 23, 'Sed quae rem et a reprehenderit totam enim. Libero doloremque ut quo perspiciatis cum aut quod. Eveniet reiciendis ut praesentium. Expedita esse sequi maiores exercitationem veniam.', 1, 1, '1985-06-05 23:26:16');
INSERT INTO `messages` (`id`, `from_user_id`, `to_user_id`, `body`, `is_important`, `is_delivered`, `created_at`) VALUES (321, 22, 67, 'Facere eius nesciunt voluptatem enim maiores fugit neque error. Fugiat molestias amet nemo fugiat consequatur quasi. Rem quia nesciunt sed provident eius quia dolores enim.', 1, 0, '1999-08-19 01:50:01');
INSERT INTO `messages` (`id`, `from_user_id`, `to_user_id`, `body`, `is_important`, `is_delivered`, `created_at`) VALUES (322, 81, 59, 'Nobis assumenda laudantium non magnam. Eos in minus fugiat laboriosam natus corporis accusamus. Similique natus placeat id. Ut non sunt similique quasi libero numquam corrupti. Non iste temporibus accusamus distinctio quidem iure amet et.', 1, 0, '1990-12-07 00:03:29');
INSERT INTO `messages` (`id`, `from_user_id`, `to_user_id`, `body`, `is_important`, `is_delivered`, `created_at`) VALUES (323, 100, 48, 'Officia quae nihil alias in laudantium. Inventore eum id qui accusamus. Id cupiditate voluptatem non. Saepe molestiae repudiandae quos consequuntur magnam.', 0, 1, '1993-01-12 17:01:42');
INSERT INTO `messages` (`id`, `from_user_id`, `to_user_id`, `body`, `is_important`, `is_delivered`, `created_at`) VALUES (324, 12, 24, 'Et voluptatum est repellat iste aliquid. Et quia numquam suscipit omnis iure incidunt ut. Explicabo ut tempora ad praesentium id dolore culpa. Quaerat perferendis sed impedit reprehenderit dolorum ea.', 0, 1, '2000-06-17 14:43:49');
INSERT INTO `messages` (`id`, `from_user_id`, `to_user_id`, `body`, `is_important`, `is_delivered`, `created_at`) VALUES (325, 73, 12, 'Reiciendis iste quis perferendis provident et quaerat voluptate. Expedita repudiandae quia et maxime animi libero distinctio doloribus. Aspernatur consectetur cum vitae occaecati pariatur quasi.', 0, 0, '1991-01-05 18:17:16');
INSERT INTO `messages` (`id`, `from_user_id`, `to_user_id`, `body`, `is_important`, `is_delivered`, `created_at`) VALUES (326, 65, 7, 'Autem et architecto quibusdam asperiores. Consequuntur deleniti nihil eius aspernatur. Sapiente aliquid et soluta quod. Exercitationem nulla eaque consequatur voluptas quaerat.', 1, 1, '2004-03-10 00:14:24');
INSERT INTO `messages` (`id`, `from_user_id`, `to_user_id`, `body`, `is_important`, `is_delivered`, `created_at`) VALUES (327, 35, 62, 'Cum quam accusamus nostrum optio. Et dolores sed molestiae exercitationem. Sapiente voluptatem et voluptatem. Molestiae repudiandae esse rerum et ut.', 1, 0, '1979-08-03 05:36:22');
INSERT INTO `messages` (`id`, `from_user_id`, `to_user_id`, `body`, `is_important`, `is_delivered`, `created_at`) VALUES (328, 51, 91, 'Illo deserunt corporis accusantium ipsam et labore. Eum ipsa fuga aut officia. Inventore quod odio harum cum voluptatem non non. Cupiditate id iste dicta aut commodi rerum.', 0, 0, '1988-01-19 10:52:39');
INSERT INTO `messages` (`id`, `from_user_id`, `to_user_id`, `body`, `is_important`, `is_delivered`, `created_at`) VALUES (329, 62, 2, 'Assumenda fuga omnis laboriosam totam facere. Fugit vel consequatur recusandae sequi voluptatem eligendi ipsa.', 0, 1, '2018-03-25 23:00:40');
INSERT INTO `messages` (`id`, `from_user_id`, `to_user_id`, `body`, `is_important`, `is_delivered`, `created_at`) VALUES (330, 94, 23, 'Ab voluptatibus porro et omnis sit sed in. Accusamus libero tenetur accusantium ipsum recusandae aut dolore natus. Est ducimus consequatur suscipit numquam eum beatae. Corrupti et necessitatibus dolores.', 1, 0, '1982-12-31 13:38:14');
INSERT INTO `messages` (`id`, `from_user_id`, `to_user_id`, `body`, `is_important`, `is_delivered`, `created_at`) VALUES (331, 48, 96, 'Officia quidem quia tempora. Enim aut eos sed quia est soluta voluptates et. Numquam eos voluptas voluptate et quia ea et.', 0, 1, '1995-02-23 21:36:01');
INSERT INTO `messages` (`id`, `from_user_id`, `to_user_id`, `body`, `is_important`, `is_delivered`, `created_at`) VALUES (332, 19, 60, 'Aperiam doloremque consequatur officia nihil eos ipsum fugit. Libero tenetur est maiores laborum sequi. Perferendis aut sed et ipsa. Consequatur vero qui non aut amet dicta.', 1, 0, '1976-03-23 08:47:53');
INSERT INTO `messages` (`id`, `from_user_id`, `to_user_id`, `body`, `is_important`, `is_delivered`, `created_at`) VALUES (333, 44, 65, 'Vero officia in architecto optio quia. Dolore est sit est dolores quisquam dolorum quia.', 1, 1, '1979-11-11 20:59:17');
INSERT INTO `messages` (`id`, `from_user_id`, `to_user_id`, `body`, `is_important`, `is_delivered`, `created_at`) VALUES (334, 54, 39, 'Suscipit qui velit illo voluptatum. Voluptatem similique maiores et autem quia maiores consequatur. Corporis cupiditate ea et facilis minus. Rerum quibusdam repellat perspiciatis ab sequi minus eligendi.', 1, 0, '1991-04-02 16:55:43');
INSERT INTO `messages` (`id`, `from_user_id`, `to_user_id`, `body`, `is_important`, `is_delivered`, `created_at`) VALUES (335, 8, 80, 'Accusantium est et consequatur sed est veniam aut aut. Maxime corrupti consequuntur ipsa et consequatur officia rerum. Id accusantium rerum eius temporibus sapiente.', 1, 1, '1999-12-11 16:06:02');
INSERT INTO `messages` (`id`, `from_user_id`, `to_user_id`, `body`, `is_important`, `is_delivered`, `created_at`) VALUES (336, 55, 41, 'Sit eaque voluptatibus autem dicta minus dolorum. Quidem perspiciatis sequi qui deserunt expedita incidunt sunt. Repellendus inventore aut asperiores rerum architecto rerum quia.', 1, 0, '1972-02-22 09:51:06');
INSERT INTO `messages` (`id`, `from_user_id`, `to_user_id`, `body`, `is_important`, `is_delivered`, `created_at`) VALUES (337, 35, 31, 'Culpa sed et soluta sint. Ut voluptas et nisi aut odit aut dolore consequuntur. Cupiditate adipisci deleniti ut nam temporibus.', 1, 0, '1974-10-01 18:29:27');
INSERT INTO `messages` (`id`, `from_user_id`, `to_user_id`, `body`, `is_important`, `is_delivered`, `created_at`) VALUES (338, 86, 79, 'Qui debitis maxime nemo minima. Provident ut facere qui similique asperiores recusandae.', 1, 1, '2019-03-09 02:28:20');
INSERT INTO `messages` (`id`, `from_user_id`, `to_user_id`, `body`, `is_important`, `is_delivered`, `created_at`) VALUES (339, 71, 27, 'Distinctio accusamus et repellat. Assumenda est quia praesentium consequatur tenetur corrupti iste. Ut voluptas velit aut qui.', 0, 0, '1984-08-10 00:14:31');
INSERT INTO `messages` (`id`, `from_user_id`, `to_user_id`, `body`, `is_important`, `is_delivered`, `created_at`) VALUES (340, 5, 55, 'Voluptatibus et eos aspernatur tempora cumque ut minima. Ipsum dolor pariatur cum quae aliquid. Reprehenderit sed qui similique ut quasi velit. Enim facilis doloremque ipsa dignissimos incidunt delectus.', 0, 0, '2014-03-21 17:11:22');
INSERT INTO `messages` (`id`, `from_user_id`, `to_user_id`, `body`, `is_important`, `is_delivered`, `created_at`) VALUES (341, 9, 26, 'Ab illum tempore facilis ut iure nostrum dolorum. Saepe quia eos quasi sunt velit aut et labore. Rerum alias voluptatem illo illum aut aut consequatur.', 1, 0, '1994-12-12 04:29:12');
INSERT INTO `messages` (`id`, `from_user_id`, `to_user_id`, `body`, `is_important`, `is_delivered`, `created_at`) VALUES (342, 13, 38, 'Quam ut aut omnis quo et suscipit voluptatem. Maxime dolorum cupiditate a incidunt ipsum. Natus amet perferendis modi rem blanditiis in omnis aut. Voluptatem ipsam ratione eos dolores maiores vel eum.', 1, 0, '1970-02-17 20:16:14');
INSERT INTO `messages` (`id`, `from_user_id`, `to_user_id`, `body`, `is_important`, `is_delivered`, `created_at`) VALUES (343, 27, 61, 'At vel vel aliquam aut dolorum omnis non. Blanditiis impedit ducimus est vel. Laudantium labore voluptas aut nam ut vel.', 0, 0, '1987-09-28 14:00:53');
INSERT INTO `messages` (`id`, `from_user_id`, `to_user_id`, `body`, `is_important`, `is_delivered`, `created_at`) VALUES (344, 68, 23, 'Ut voluptas commodi est eius repellendus aspernatur. Est dicta sit quod. Laboriosam laborum in aliquam mollitia quo ratione. Impedit accusamus tempora consequatur recusandae deserunt soluta qui.', 0, 0, '2020-09-01 19:33:13');
INSERT INTO `messages` (`id`, `from_user_id`, `to_user_id`, `body`, `is_important`, `is_delivered`, `created_at`) VALUES (345, 76, 16, 'Ab qui reprehenderit molestias. Qui eveniet laboriosam ipsum consequuntur rerum debitis illo. Ipsa officiis nam dolorem rem impedit est. Nesciunt sequi vel porro.', 1, 0, '2000-08-31 23:31:41');
INSERT INTO `messages` (`id`, `from_user_id`, `to_user_id`, `body`, `is_important`, `is_delivered`, `created_at`) VALUES (346, 96, 8, 'Quia dignissimos consequatur fuga aliquid. Sed saepe et nesciunt vero. Nemo commodi repellendus eos.', 1, 0, '1996-10-19 09:54:04');
INSERT INTO `messages` (`id`, `from_user_id`, `to_user_id`, `body`, `is_important`, `is_delivered`, `created_at`) VALUES (347, 54, 49, 'Accusamus tempore velit qui quod atque sed. Et molestiae omnis unde optio natus alias dolores veniam. Corporis consequatur animi sapiente iste.', 0, 0, '2004-11-17 20:29:16');
INSERT INTO `messages` (`id`, `from_user_id`, `to_user_id`, `body`, `is_important`, `is_delivered`, `created_at`) VALUES (348, 30, 81, 'Eius possimus eaque autem distinctio eius. Adipisci at rem vel consequuntur expedita. Dolorum ut totam voluptatem cupiditate quaerat in.', 0, 1, '2014-06-05 15:17:33');
INSERT INTO `messages` (`id`, `from_user_id`, `to_user_id`, `body`, `is_important`, `is_delivered`, `created_at`) VALUES (349, 13, 43, 'Cupiditate omnis sed omnis laborum sapiente ut. Similique ipsum rerum excepturi ut. Alias occaecati blanditiis iusto non.', 0, 1, '2003-06-19 18:58:51');
INSERT INTO `messages` (`id`, `from_user_id`, `to_user_id`, `body`, `is_important`, `is_delivered`, `created_at`) VALUES (350, 26, 84, 'Necessitatibus est itaque aut ut alias quo. Totam molestiae tempore ut rerum aut voluptatum. Nihil ut dolor enim qui animi unde. Debitis ea repudiandae consequatur quidem.', 1, 1, '1977-05-13 15:35:44');
INSERT INTO `messages` (`id`, `from_user_id`, `to_user_id`, `body`, `is_important`, `is_delivered`, `created_at`) VALUES (351, 27, 71, 'Hic possimus ad est quo et. Inventore ea deserunt est quo omnis dicta fugit. Repellat corrupti architecto nostrum at a aut est.', 1, 0, '1982-09-23 07:45:02');
INSERT INTO `messages` (`id`, `from_user_id`, `to_user_id`, `body`, `is_important`, `is_delivered`, `created_at`) VALUES (352, 2, 87, 'Qui amet quo ut. Tenetur rerum illum laboriosam nisi quo illum. Qui nihil esse tempora voluptas consequatur.', 1, 1, '1983-02-15 20:37:15');
INSERT INTO `messages` (`id`, `from_user_id`, `to_user_id`, `body`, `is_important`, `is_delivered`, `created_at`) VALUES (353, 73, 16, 'Dolores est quia enim pariatur tempore. Mollitia dolorum commodi autem sunt incidunt ex. Ipsam dolores quod impedit aut amet aut. Magni molestiae incidunt sed saepe saepe esse laudantium.', 0, 0, '2019-03-12 14:37:18');
INSERT INTO `messages` (`id`, `from_user_id`, `to_user_id`, `body`, `is_important`, `is_delivered`, `created_at`) VALUES (354, 55, 51, 'Perspiciatis deserunt ut animi inventore incidunt. Totam voluptatem aliquam harum sed amet est et. Omnis tempora est non velit eius. Sed eos nulla quia. Excepturi voluptatum qui quidem et in.', 1, 1, '1984-03-03 21:52:29');
INSERT INTO `messages` (`id`, `from_user_id`, `to_user_id`, `body`, `is_important`, `is_delivered`, `created_at`) VALUES (355, 83, 58, 'Aut enim rem culpa culpa ut temporibus nisi aliquam. Quasi distinctio possimus vel consequatur reprehenderit itaque. Dolores magnam quis sint veritatis voluptas sapiente repellendus.', 1, 1, '2017-05-30 01:31:52');
INSERT INTO `messages` (`id`, `from_user_id`, `to_user_id`, `body`, `is_important`, `is_delivered`, `created_at`) VALUES (356, 15, 48, 'Et et culpa aliquam. Aut rerum nostrum omnis est perspiciatis. Hic cupiditate delectus magnam ducimus ex omnis voluptas dolorem.', 1, 1, '1982-09-10 11:47:25');
INSERT INTO `messages` (`id`, `from_user_id`, `to_user_id`, `body`, `is_important`, `is_delivered`, `created_at`) VALUES (357, 18, 86, 'Consequatur ut omnis voluptatum soluta. Asperiores molestias dolores sunt inventore recusandae commodi autem.', 0, 1, '1975-12-15 21:06:01');
INSERT INTO `messages` (`id`, `from_user_id`, `to_user_id`, `body`, `is_important`, `is_delivered`, `created_at`) VALUES (358, 17, 43, 'Ex voluptatum in vel. Quis aspernatur consequuntur sapiente dolorem odio ea fugit autem. Voluptas earum et repellat itaque sint.', 1, 0, '1981-03-03 11:42:39');
INSERT INTO `messages` (`id`, `from_user_id`, `to_user_id`, `body`, `is_important`, `is_delivered`, `created_at`) VALUES (359, 43, 97, 'Vel ipsa ipsa sunt qui error voluptas. Molestiae dignissimos hic temporibus aliquam commodi blanditiis.', 0, 0, '1986-03-12 23:58:29');
INSERT INTO `messages` (`id`, `from_user_id`, `to_user_id`, `body`, `is_important`, `is_delivered`, `created_at`) VALUES (360, 69, 43, 'Possimus magnam facere ad rem at delectus. Quo itaque quod voluptatem dolor maxime minima. Qui pariatur maiores voluptatum est tenetur. Qui atque delectus earum omnis. Repudiandae blanditiis impedit aut consequatur.', 0, 1, '1993-04-10 04:58:19');
INSERT INTO `messages` (`id`, `from_user_id`, `to_user_id`, `body`, `is_important`, `is_delivered`, `created_at`) VALUES (361, 65, 74, 'Excepturi omnis doloribus ut odio qui. Non incidunt omnis ipsum qui ex non veritatis quis. Necessitatibus dolores deserunt minus necessitatibus ducimus et enim. Enim neque eum provident.', 1, 1, '1971-09-06 01:31:55');
INSERT INTO `messages` (`id`, `from_user_id`, `to_user_id`, `body`, `is_important`, `is_delivered`, `created_at`) VALUES (362, 9, 3, 'Qui dolores harum iste voluptatem omnis illo. Omnis iusto sit repellat aut molestias. Ullam dolor dignissimos similique et alias excepturi. Repellat dolor vero est non quidem.', 1, 1, '2003-09-18 11:05:21');
INSERT INTO `messages` (`id`, `from_user_id`, `to_user_id`, `body`, `is_important`, `is_delivered`, `created_at`) VALUES (363, 70, 2, 'In molestiae et quam. Et fugiat aliquam voluptatem expedita. Accusantium eum velit tempora. Vel doloremque adipisci nemo excepturi non quo reiciendis modi.', 0, 1, '2011-08-23 17:04:13');
INSERT INTO `messages` (`id`, `from_user_id`, `to_user_id`, `body`, `is_important`, `is_delivered`, `created_at`) VALUES (364, 93, 48, 'Aut ipsa non aut molestias cumque consequatur consequuntur eligendi. Recusandae unde ab aliquid facere quas hic. Voluptatem dolorem adipisci ut qui praesentium.', 1, 0, '2014-04-12 22:04:53');
INSERT INTO `messages` (`id`, `from_user_id`, `to_user_id`, `body`, `is_important`, `is_delivered`, `created_at`) VALUES (365, 33, 47, 'Fugiat architecto excepturi perspiciatis et. Quae harum soluta sed impedit dolorum. Reiciendis quibusdam sunt doloribus ut veniam in ipsum.', 0, 1, '1987-05-29 20:59:01');
INSERT INTO `messages` (`id`, `from_user_id`, `to_user_id`, `body`, `is_important`, `is_delivered`, `created_at`) VALUES (366, 55, 43, 'Recusandae saepe deleniti omnis est. Consequatur quo molestiae maxime nam sit corporis aperiam. Quia soluta quidem ad iure omnis quia quibusdam.', 0, 0, '2008-10-20 15:21:45');
INSERT INTO `messages` (`id`, `from_user_id`, `to_user_id`, `body`, `is_important`, `is_delivered`, `created_at`) VALUES (367, 16, 88, 'Enim vero necessitatibus sed repudiandae exercitationem doloribus. Assumenda qui reiciendis ut itaque pariatur. Aut architecto explicabo impedit ab voluptatem ipsam. Et magni quo ad velit ea maiores nostrum. Sequi id voluptates iusto esse fuga commodi vel soluta.', 0, 0, '2012-12-06 08:59:45');
INSERT INTO `messages` (`id`, `from_user_id`, `to_user_id`, `body`, `is_important`, `is_delivered`, `created_at`) VALUES (368, 88, 30, 'Officiis quia quia recusandae dolorum temporibus tempora pariatur rerum. Veniam ea necessitatibus molestiae earum non quasi magni. Porro error nobis dolorem ut possimus aut. Eos aut est quo nobis sed totam nam.', 1, 1, '2012-05-12 00:25:05');
INSERT INTO `messages` (`id`, `from_user_id`, `to_user_id`, `body`, `is_important`, `is_delivered`, `created_at`) VALUES (369, 92, 97, 'Explicabo fuga provident neque ipsa omnis magnam officiis. Quas molestias labore reprehenderit fuga autem hic. Iste maxime minima voluptatum qui aut.', 0, 0, '1978-05-26 16:57:51');
INSERT INTO `messages` (`id`, `from_user_id`, `to_user_id`, `body`, `is_important`, `is_delivered`, `created_at`) VALUES (370, 50, 26, 'Sed modi iste est. Molestiae provident et ut debitis nulla velit. Consectetur officiis enim dicta enim explicabo consequatur.', 0, 0, '1989-04-27 21:25:06');
INSERT INTO `messages` (`id`, `from_user_id`, `to_user_id`, `body`, `is_important`, `is_delivered`, `created_at`) VALUES (371, 83, 27, 'Praesentium molestias eligendi aut reiciendis nulla eveniet. Labore tempore nulla non odit. Voluptatum ipsum in illum fugiat.', 0, 1, '1992-05-15 20:49:09');
INSERT INTO `messages` (`id`, `from_user_id`, `to_user_id`, `body`, `is_important`, `is_delivered`, `created_at`) VALUES (372, 83, 48, 'Iure nobis in cumque aliquid aspernatur esse non eum. Aut autem omnis iste ad et ullam. Aliquid repellendus aut doloribus amet. Saepe quia est sunt consequatur sunt quisquam.', 0, 0, '1974-12-02 18:11:46');
INSERT INTO `messages` (`id`, `from_user_id`, `to_user_id`, `body`, `is_important`, `is_delivered`, `created_at`) VALUES (373, 18, 63, 'Dolorem adipisci ut nobis et sed aut. Consequatur sit ut animi earum.', 0, 0, '1996-06-20 22:39:08');
INSERT INTO `messages` (`id`, `from_user_id`, `to_user_id`, `body`, `is_important`, `is_delivered`, `created_at`) VALUES (374, 58, 53, 'Eum totam blanditiis nostrum aut eos hic aliquid. Saepe totam quas hic dolorem esse deleniti omnis. Nihil debitis quia suscipit sunt dolorum. Vel rerum ipsa et officia dolorum provident sunt.', 1, 0, '2016-09-20 14:55:09');
INSERT INTO `messages` (`id`, `from_user_id`, `to_user_id`, `body`, `is_important`, `is_delivered`, `created_at`) VALUES (375, 14, 32, 'Amet in dolores possimus. Voluptatem et qui velit perferendis. Quis libero voluptas porro modi impedit quae quasi dolorum.', 1, 1, '1983-07-19 09:58:26');
INSERT INTO `messages` (`id`, `from_user_id`, `to_user_id`, `body`, `is_important`, `is_delivered`, `created_at`) VALUES (376, 92, 37, 'Id est doloremque quidem aliquid est et quia. Officia dolores magnam nihil.', 0, 1, '2017-02-18 14:18:01');
INSERT INTO `messages` (`id`, `from_user_id`, `to_user_id`, `body`, `is_important`, `is_delivered`, `created_at`) VALUES (377, 46, 12, 'Et pariatur aut non laudantium expedita consequatur velit. Sed sit deserunt aperiam repudiandae. Nobis eos maxime delectus quidem soluta.', 1, 0, '2013-10-03 04:28:47');
INSERT INTO `messages` (`id`, `from_user_id`, `to_user_id`, `body`, `is_important`, `is_delivered`, `created_at`) VALUES (378, 79, 86, 'Soluta ut ut architecto aut saepe hic neque blanditiis. Cumque rerum ducimus atque ipsa ab dolor. Inventore dolore voluptas ut est et dolor laudantium quam.', 0, 0, '2006-01-13 05:57:18');
INSERT INTO `messages` (`id`, `from_user_id`, `to_user_id`, `body`, `is_important`, `is_delivered`, `created_at`) VALUES (379, 77, 55, 'Sapiente at libero voluptas dolorem. Nobis minus odit maxime veritatis et. Voluptates quia harum fuga ut.', 1, 1, '1983-09-13 01:04:40');
INSERT INTO `messages` (`id`, `from_user_id`, `to_user_id`, `body`, `is_important`, `is_delivered`, `created_at`) VALUES (380, 76, 71, 'Quaerat qui voluptas aperiam nesciunt aut et. Sit in dolore commodi est. Aliquam corporis eos deserunt est beatae perferendis molestiae mollitia. Quisquam perspiciatis vel laborum dignissimos vel corporis aut.', 1, 0, '1974-11-27 11:38:49');
INSERT INTO `messages` (`id`, `from_user_id`, `to_user_id`, `body`, `is_important`, `is_delivered`, `created_at`) VALUES (381, 72, 71, 'Est ducimus inventore a corporis. Vel velit illum iure nulla architecto sapiente. Dolor quas dolorum consectetur eius dolores quidem tempore.', 0, 1, '2020-08-12 17:12:15');
INSERT INTO `messages` (`id`, `from_user_id`, `to_user_id`, `body`, `is_important`, `is_delivered`, `created_at`) VALUES (382, 19, 89, 'Recusandae quia delectus velit ad libero. Ut nihil consequuntur ipsam ab sunt aperiam reprehenderit. Unde tempora sit similique id. Eaque tenetur officia architecto dolores non adipisci. Expedita veniam suscipit cum distinctio sed voluptate minus.', 1, 1, '2012-01-02 16:05:55');
INSERT INTO `messages` (`id`, `from_user_id`, `to_user_id`, `body`, `is_important`, `is_delivered`, `created_at`) VALUES (383, 40, 16, 'Laboriosam quod ducimus saepe voluptatibus ab quam. Corrupti dolorem voluptatem ut ipsum vel. Vitae eaque id cumque dolores quas est et. Nostrum deserunt velit quia nisi voluptas. Repudiandae praesentium molestiae culpa pariatur.', 1, 0, '1983-08-18 18:47:09');
INSERT INTO `messages` (`id`, `from_user_id`, `to_user_id`, `body`, `is_important`, `is_delivered`, `created_at`) VALUES (384, 13, 83, 'Delectus enim explicabo quidem architecto quo exercitationem molestiae. Quia sequi qui ullam fugit dicta ea sint. Commodi porro itaque praesentium mollitia. Dolorem deleniti quae labore error.', 0, 0, '1976-06-23 09:58:11');
INSERT INTO `messages` (`id`, `from_user_id`, `to_user_id`, `body`, `is_important`, `is_delivered`, `created_at`) VALUES (385, 30, 4, 'Voluptatem accusamus laborum aliquid rerum. Nisi ratione voluptatum voluptatem animi dolorum aut ipsum. Ratione neque ullam ipsum molestiae recusandae beatae sint. Aspernatur quae impedit sit veritatis omnis quisquam dolorum. Eos delectus quis sunt quaerat ut minima.', 1, 1, '1971-11-16 13:11:25');
INSERT INTO `messages` (`id`, `from_user_id`, `to_user_id`, `body`, `is_important`, `is_delivered`, `created_at`) VALUES (386, 96, 62, 'Dolorem aperiam temporibus tenetur qui animi cumque incidunt sint. Asperiores exercitationem ipsum ut. Laborum labore sed nobis pariatur repellat sit quia architecto. Unde et aut repudiandae dolor.', 0, 0, '2006-10-24 09:56:43');
INSERT INTO `messages` (`id`, `from_user_id`, `to_user_id`, `body`, `is_important`, `is_delivered`, `created_at`) VALUES (387, 35, 68, 'Voluptas rem et at sit. Illum ut explicabo corrupti facere sapiente excepturi et velit.', 0, 0, '2003-02-07 06:43:06');
INSERT INTO `messages` (`id`, `from_user_id`, `to_user_id`, `body`, `is_important`, `is_delivered`, `created_at`) VALUES (388, 19, 67, 'Nulla assumenda ut rerum earum laborum. Laboriosam rem est tempora. Quae autem neque est laboriosam dicta sint. Iusto iusto voluptatibus ea fugiat mollitia et.', 0, 1, '2019-01-10 23:11:25');
INSERT INTO `messages` (`id`, `from_user_id`, `to_user_id`, `body`, `is_important`, `is_delivered`, `created_at`) VALUES (389, 92, 87, 'Inventore quas tenetur autem id. Est non et earum ullam optio. Numquam ut nihil eius consequuntur sed ea ducimus dolores. Et optio amet aliquam iusto.', 0, 1, '2006-09-15 22:20:24');
INSERT INTO `messages` (`id`, `from_user_id`, `to_user_id`, `body`, `is_important`, `is_delivered`, `created_at`) VALUES (390, 47, 38, 'Sed laborum rerum itaque aut neque dicta sed. Et quisquam rerum ut voluptatem voluptatem. Ipsa necessitatibus sed fuga asperiores quia error quia.', 1, 0, '1986-05-01 06:12:59');
INSERT INTO `messages` (`id`, `from_user_id`, `to_user_id`, `body`, `is_important`, `is_delivered`, `created_at`) VALUES (391, 86, 69, 'Voluptas dicta dolor laboriosam sunt velit cum. Dolores voluptate fugiat et qui aut. Ipsa culpa est inventore rerum.', 1, 0, '1971-10-26 15:20:25');
INSERT INTO `messages` (`id`, `from_user_id`, `to_user_id`, `body`, `is_important`, `is_delivered`, `created_at`) VALUES (392, 14, 95, 'Debitis quod aut aliquam corrupti nam laborum aperiam. Voluptas at maxime neque excepturi. Ex nostrum debitis et molestias nihil quaerat quo. Aut a commodi quo vitae.', 1, 0, '1975-11-19 13:31:13');
INSERT INTO `messages` (`id`, `from_user_id`, `to_user_id`, `body`, `is_important`, `is_delivered`, `created_at`) VALUES (393, 72, 72, 'Accusamus mollitia cum necessitatibus in. Quibusdam autem vel pariatur et.', 1, 0, '2004-10-23 09:57:25');
INSERT INTO `messages` (`id`, `from_user_id`, `to_user_id`, `body`, `is_important`, `is_delivered`, `created_at`) VALUES (394, 63, 0, 'Ab autem autem facilis sit quia. Ad asperiores et dolorem odio quod at sapiente aut. Earum soluta commodi animi facere esse velit autem. Sed hic molestiae odit dignissimos. Commodi reprehenderit doloremque exercitationem dolores sequi ut.', 1, 0, '1998-01-07 01:31:11');
INSERT INTO `messages` (`id`, `from_user_id`, `to_user_id`, `body`, `is_important`, `is_delivered`, `created_at`) VALUES (395, 82, 70, 'Magnam voluptas ducimus nihil itaque et magni. Qui harum qui reiciendis ut aspernatur enim. Consequuntur dolor itaque doloribus nihil dolores dicta quo. Voluptatibus enim mollitia eum et iure rerum.', 1, 0, '1990-05-29 01:18:47');
INSERT INTO `messages` (`id`, `from_user_id`, `to_user_id`, `body`, `is_important`, `is_delivered`, `created_at`) VALUES (396, 21, 84, 'Ipsa quia pariatur voluptatem ut iure est corrupti voluptates. Fugiat porro unde in non iusto aspernatur. Doloribus voluptatum ut voluptatem minus iusto qui assumenda. Optio dicta qui tenetur laboriosam rerum provident.', 1, 1, '1987-10-30 06:43:50');
INSERT INTO `messages` (`id`, `from_user_id`, `to_user_id`, `body`, `is_important`, `is_delivered`, `created_at`) VALUES (397, 52, 95, 'Consequuntur aliquam qui qui eum ab. Suscipit natus dignissimos quas atque voluptatem error quisquam temporibus. Id aspernatur minima harum nesciunt explicabo fugit.', 1, 0, '1986-01-24 18:41:09');
INSERT INTO `messages` (`id`, `from_user_id`, `to_user_id`, `body`, `is_important`, `is_delivered`, `created_at`) VALUES (398, 28, 83, 'Deserunt alias magnam et quia amet sunt. Rerum nesciunt ut et veritatis et praesentium quam. Dolores nisi placeat accusantium nesciunt error.', 1, 0, '1982-11-25 15:07:27');
INSERT INTO `messages` (`id`, `from_user_id`, `to_user_id`, `body`, `is_important`, `is_delivered`, `created_at`) VALUES (399, 8, 5, 'Aut molestiae doloremque expedita non quia. Qui aperiam harum placeat consequatur voluptas unde. Sed animi sed rerum voluptate quidem id doloremque.', 0, 1, '1973-11-27 12:31:39');
INSERT INTO `messages` (`id`, `from_user_id`, `to_user_id`, `body`, `is_important`, `is_delivered`, `created_at`) VALUES (400, 15, 45, 'Ipsam itaque quis repellendus omnis cum magni nam. Dolorum dolorem ipsam natus voluptatem minus. Nihil porro ut ut dolores omnis. Autem sapiente in fuga ea tempora voluptates.', 0, 1, '1981-08-24 12:33:01');
INSERT INTO `messages` (`id`, `from_user_id`, `to_user_id`, `body`, `is_important`, `is_delivered`, `created_at`) VALUES (401, 79, 90, 'Vel adipisci facilis adipisci commodi harum animi doloremque omnis. Aut laborum earum voluptatem a veniam. Reprehenderit voluptas temporibus laudantium eligendi error optio. Recusandae perspiciatis maxime voluptas.', 0, 1, '1985-01-13 23:01:55');
INSERT INTO `messages` (`id`, `from_user_id`, `to_user_id`, `body`, `is_important`, `is_delivered`, `created_at`) VALUES (402, 99, 17, 'Sequi nam error tempore culpa earum exercitationem. Quaerat culpa beatae perspiciatis architecto. Quia quod corrupti quis eius ipsa. Nihil assumenda blanditiis id quo id perspiciatis placeat.', 0, 0, '2019-03-06 08:51:14');
INSERT INTO `messages` (`id`, `from_user_id`, `to_user_id`, `body`, `is_important`, `is_delivered`, `created_at`) VALUES (403, 67, 81, 'Expedita cupiditate suscipit aliquid recusandae tempora. Tempora dolorem impedit enim provident. Quam ab omnis quasi ut et delectus eum laudantium.', 1, 0, '1989-12-02 02:46:48');
INSERT INTO `messages` (`id`, `from_user_id`, `to_user_id`, `body`, `is_important`, `is_delivered`, `created_at`) VALUES (404, 9, 37, 'Quasi cumque eaque cupiditate ex. Quas adipisci laborum aliquid voluptatem mollitia quas non. Dolor repellendus ab libero minus dolor est nam cupiditate.', 0, 1, '1995-02-07 14:35:36');
INSERT INTO `messages` (`id`, `from_user_id`, `to_user_id`, `body`, `is_important`, `is_delivered`, `created_at`) VALUES (405, 16, 44, 'Recusandae aut quis aliquid delectus molestiae. Est consequatur consequatur beatae consequatur veniam quia quia. Aut eius vel reiciendis quia beatae qui fugiat.', 1, 1, '1978-07-27 13:48:14');
INSERT INTO `messages` (`id`, `from_user_id`, `to_user_id`, `body`, `is_important`, `is_delivered`, `created_at`) VALUES (406, 64, 70, 'Rerum et est molestias laboriosam velit. Rerum quae blanditiis odio aut libero. Voluptatem incidunt iusto aut quia culpa. Nihil est deserunt eveniet officia.', 0, 1, '1975-10-18 19:54:51');
INSERT INTO `messages` (`id`, `from_user_id`, `to_user_id`, `body`, `is_important`, `is_delivered`, `created_at`) VALUES (407, 29, 98, 'Ullam vel minima vel eaque. Iure molestiae quisquam et natus. Dolor ut optio molestiae aut provident qui.', 1, 1, '2008-07-03 04:06:18');
INSERT INTO `messages` (`id`, `from_user_id`, `to_user_id`, `body`, `is_important`, `is_delivered`, `created_at`) VALUES (408, 82, 53, 'Qui consectetur non iste dolores. Sint tempora corrupti corrupti quaerat perferendis voluptate doloremque.', 0, 1, '1989-12-09 18:26:11');
INSERT INTO `messages` (`id`, `from_user_id`, `to_user_id`, `body`, `is_important`, `is_delivered`, `created_at`) VALUES (409, 34, 24, 'Facilis minus cumque tenetur nobis optio accusantium non. Natus esse neque eveniet id ipsam exercitationem. Praesentium architecto dignissimos est perferendis aut. Assumenda et consequuntur nobis fuga voluptas quos.', 1, 0, '2015-12-28 04:20:18');
INSERT INTO `messages` (`id`, `from_user_id`, `to_user_id`, `body`, `is_important`, `is_delivered`, `created_at`) VALUES (410, 59, 93, 'Perspiciatis voluptatibus quidem voluptatibus quod. Expedita aut id nam fugit perspiciatis dolorem. Doloremque totam praesentium voluptas explicabo qui quae dolores distinctio.', 1, 1, '1999-05-04 13:25:57');
INSERT INTO `messages` (`id`, `from_user_id`, `to_user_id`, `body`, `is_important`, `is_delivered`, `created_at`) VALUES (411, 9, 42, 'Est est voluptatum magnam voluptatem explicabo quam velit. Nobis animi nesciunt sint eos illo. Ducimus voluptates qui praesentium rerum architecto aut.', 0, 0, '2017-05-15 00:27:38');
INSERT INTO `messages` (`id`, `from_user_id`, `to_user_id`, `body`, `is_important`, `is_delivered`, `created_at`) VALUES (412, 0, 85, 'Officiis voluptas et ab impedit ullam officiis impedit. Est ex odio vero corrupti qui cupiditate qui inventore. Animi optio est ea deserunt iusto.', 0, 1, '2012-11-09 11:01:16');
INSERT INTO `messages` (`id`, `from_user_id`, `to_user_id`, `body`, `is_important`, `is_delivered`, `created_at`) VALUES (413, 56, 42, 'Amet id vero veniam tenetur cupiditate. Aut provident provident voluptates esse. Aspernatur quam voluptas tempora numquam autem voluptas esse ducimus. Autem ad aliquam voluptatem rerum ullam cum.', 0, 0, '2009-09-07 15:15:20');
INSERT INTO `messages` (`id`, `from_user_id`, `to_user_id`, `body`, `is_important`, `is_delivered`, `created_at`) VALUES (414, 96, 53, 'Qui maiores debitis dolorem ea iusto quod et. Praesentium in molestias ut nostrum quia rerum. Ea molestiae sint praesentium excepturi. Cumque deleniti animi consequatur nesciunt enim odit. Modi quae aut odio dolorem ducimus.', 1, 0, '1996-12-16 11:49:47');
INSERT INTO `messages` (`id`, `from_user_id`, `to_user_id`, `body`, `is_important`, `is_delivered`, `created_at`) VALUES (415, 86, 92, 'Voluptas odit saepe nulla. Tempora alias harum est. Fuga fuga quos voluptatibus quia aut. Tenetur ut et odit magni esse.', 0, 0, '2013-02-03 01:08:36');
INSERT INTO `messages` (`id`, `from_user_id`, `to_user_id`, `body`, `is_important`, `is_delivered`, `created_at`) VALUES (416, 23, 32, 'Molestias vitae quis rerum vel suscipit quisquam. Veritatis et consequatur quia sunt.', 0, 0, '1999-07-24 22:12:40');
INSERT INTO `messages` (`id`, `from_user_id`, `to_user_id`, `body`, `is_important`, `is_delivered`, `created_at`) VALUES (417, 79, 9, 'Eveniet sit odit placeat delectus unde. Inventore consequuntur corrupti aspernatur deserunt hic. Est nihil eum ducimus quas recusandae. Amet excepturi consectetur explicabo expedita ipsum magni repudiandae.', 1, 1, '1988-12-28 05:52:24');
INSERT INTO `messages` (`id`, `from_user_id`, `to_user_id`, `body`, `is_important`, `is_delivered`, `created_at`) VALUES (418, 71, 50, 'Magni repudiandae magnam voluptatibus libero. Veniam reiciendis porro id. Libero sequi alias necessitatibus consequatur non in.', 0, 1, '2015-12-21 00:46:35');
INSERT INTO `messages` (`id`, `from_user_id`, `to_user_id`, `body`, `is_important`, `is_delivered`, `created_at`) VALUES (419, 68, 95, 'Repellat et consequatur labore dolorem aut dignissimos voluptas dignissimos. Sed dolores accusamus explicabo ut impedit. Impedit perferendis est rerum nihil.', 0, 0, '1971-03-18 23:06:12');
INSERT INTO `messages` (`id`, `from_user_id`, `to_user_id`, `body`, `is_important`, `is_delivered`, `created_at`) VALUES (420, 96, 50, 'Placeat sed fugiat sed fuga earum ea voluptas. Incidunt est accusamus et iure et. Consequatur expedita repellat saepe incidunt. Illo quia est maxime.', 1, 0, '1973-05-17 23:26:42');
INSERT INTO `messages` (`id`, `from_user_id`, `to_user_id`, `body`, `is_important`, `is_delivered`, `created_at`) VALUES (421, 8, 74, 'Eligendi modi dolorem nemo qui amet ea. Nihil inventore magni beatae sed. Esse exercitationem dignissimos rerum sint. Cum porro ipsum beatae expedita voluptatem esse aliquid quia. A nemo ut asperiores et dolor repudiandae ut quos.', 1, 1, '2001-06-01 11:01:41');
INSERT INTO `messages` (`id`, `from_user_id`, `to_user_id`, `body`, `is_important`, `is_delivered`, `created_at`) VALUES (422, 100, 10, 'Vel laboriosam dolor tempora qui at ullam iste. Aut aut doloribus est ad cum molestiae laborum. Voluptatum id praesentium impedit molestias laborum enim.', 0, 1, '1999-06-06 22:12:01');
INSERT INTO `messages` (`id`, `from_user_id`, `to_user_id`, `body`, `is_important`, `is_delivered`, `created_at`) VALUES (423, 10, 32, 'Eveniet cupiditate ad harum eius. Quia aut animi et repellat. Laudantium debitis vitae voluptas est assumenda. Sint ut voluptate saepe nemo vero enim ut.', 1, 1, '2016-03-15 10:49:11');
INSERT INTO `messages` (`id`, `from_user_id`, `to_user_id`, `body`, `is_important`, `is_delivered`, `created_at`) VALUES (424, 27, 13, 'Sit beatae quidem maiores necessitatibus dolore. Ut accusamus repudiandae culpa facilis ut corrupti rem. Natus error quos reiciendis eaque consequatur aut. Quasi dolore soluta quaerat in.', 0, 1, '1990-07-24 07:02:52');
INSERT INTO `messages` (`id`, `from_user_id`, `to_user_id`, `body`, `is_important`, `is_delivered`, `created_at`) VALUES (425, 55, 67, 'Maxime asperiores explicabo quia magnam est ab et ut. Facilis nulla autem maxime vel dignissimos aliquid. Incidunt ipsum fuga cupiditate labore enim.', 0, 0, '1978-11-18 21:28:38');
INSERT INTO `messages` (`id`, `from_user_id`, `to_user_id`, `body`, `is_important`, `is_delivered`, `created_at`) VALUES (426, 35, 33, 'Consequuntur quis sed et quod magnam. Harum sit ducimus voluptatibus vero saepe. Voluptas esse consequatur et sunt ea.', 0, 0, '1977-06-21 22:22:07');
INSERT INTO `messages` (`id`, `from_user_id`, `to_user_id`, `body`, `is_important`, `is_delivered`, `created_at`) VALUES (427, 38, 40, 'Quo maiores ab unde voluptate optio. Dolorum quo nihil et at aliquid vero placeat et. Eligendi dolore dolore tempore quos blanditiis iste. Facilis quia illum fugiat vel.', 0, 0, '2002-03-02 14:26:03');
INSERT INTO `messages` (`id`, `from_user_id`, `to_user_id`, `body`, `is_important`, `is_delivered`, `created_at`) VALUES (428, 70, 95, 'Temporibus eum qui dolore accusamus incidunt molestiae voluptatum. Rem architecto ex eum et. Qui dolore inventore odit ea qui amet. Repudiandae in deserunt perferendis.', 1, 1, '1983-01-25 10:23:04');
INSERT INTO `messages` (`id`, `from_user_id`, `to_user_id`, `body`, `is_important`, `is_delivered`, `created_at`) VALUES (429, 39, 48, 'Ad et magni non ut tenetur ab. Sed nihil sed rerum rerum explicabo. Rerum repellendus ea quaerat error eos. Explicabo fuga ex dolorem illo adipisci.', 1, 0, '1992-11-13 00:45:31');
INSERT INTO `messages` (`id`, `from_user_id`, `to_user_id`, `body`, `is_important`, `is_delivered`, `created_at`) VALUES (430, 27, 4, 'Aut quis ad enim. Qui ea et magni id totam. Dolores voluptatem ut quia ea eum. Beatae dolor sed inventore ut quaerat iure.', 0, 0, '1999-06-24 04:46:38');
INSERT INTO `messages` (`id`, `from_user_id`, `to_user_id`, `body`, `is_important`, `is_delivered`, `created_at`) VALUES (431, 72, 70, 'Rem placeat accusantium error molestiae. Rerum rerum facilis incidunt qui ipsam itaque. Inventore ipsum vero totam non expedita. Et id iste magnam.', 1, 1, '1989-03-04 17:40:17');
INSERT INTO `messages` (`id`, `from_user_id`, `to_user_id`, `body`, `is_important`, `is_delivered`, `created_at`) VALUES (432, 13, 52, 'Necessitatibus sit quo occaecati dolore. Consectetur ut et ut blanditiis. Illo quia et blanditiis tenetur aperiam qui praesentium. Vel sapiente consequatur voluptatem harum.', 1, 0, '1984-06-16 05:51:23');
INSERT INTO `messages` (`id`, `from_user_id`, `to_user_id`, `body`, `is_important`, `is_delivered`, `created_at`) VALUES (433, 15, 80, 'Quia dolorem hic dignissimos qui sed recusandae. Maxime facere labore non iure. Omnis et ea consequatur quo temporibus.', 1, 0, '1994-04-13 08:53:30');
INSERT INTO `messages` (`id`, `from_user_id`, `to_user_id`, `body`, `is_important`, `is_delivered`, `created_at`) VALUES (434, 79, 45, 'Est quae nam alias recusandae minima harum. Aliquid veniam sed non quis sit. Alias velit aliquid reprehenderit quo repellendus.', 1, 0, '1979-07-20 13:42:00');
INSERT INTO `messages` (`id`, `from_user_id`, `to_user_id`, `body`, `is_important`, `is_delivered`, `created_at`) VALUES (435, 66, 16, 'Ea autem itaque incidunt dolor quis est facere et. Dolorem nihil sed numquam facilis aut. Laboriosam ipsum exercitationem quae facilis at culpa. Qui non voluptas placeat harum eum quod labore.', 0, 0, '2008-05-07 12:15:02');
INSERT INTO `messages` (`id`, `from_user_id`, `to_user_id`, `body`, `is_important`, `is_delivered`, `created_at`) VALUES (436, 16, 23, 'Nesciunt corporis dolorem qui ab libero. Quae quo ut qui vitae enim. Vel consectetur quisquam dolor aperiam blanditiis.', 0, 0, '2020-09-28 06:47:30');
INSERT INTO `messages` (`id`, `from_user_id`, `to_user_id`, `body`, `is_important`, `is_delivered`, `created_at`) VALUES (437, 23, 95, 'Placeat aut expedita est libero ut eum. Voluptatibus debitis ad ducimus omnis itaque a. Officia et aut voluptas commodi voluptatum quidem consectetur. Molestiae eveniet mollitia corporis.', 0, 0, '2015-05-14 02:53:46');
INSERT INTO `messages` (`id`, `from_user_id`, `to_user_id`, `body`, `is_important`, `is_delivered`, `created_at`) VALUES (438, 17, 23, 'Ex cum voluptas aut animi perspiciatis sed incidunt blanditiis. Qui voluptas id sint sint eos veniam qui repellendus. Repellat veniam sit inventore pariatur a veritatis.', 0, 0, '1980-11-03 06:57:02');
INSERT INTO `messages` (`id`, `from_user_id`, `to_user_id`, `body`, `is_important`, `is_delivered`, `created_at`) VALUES (439, 23, 21, 'Saepe dolorem recusandae dolorem dolore. Eaque quaerat totam quis sint. Odit assumenda porro qui fugiat nulla. Facere aspernatur esse rerum similique.', 1, 1, '1979-04-03 12:31:59');
INSERT INTO `messages` (`id`, `from_user_id`, `to_user_id`, `body`, `is_important`, `is_delivered`, `created_at`) VALUES (440, 22, 47, 'Labore tempore sit non modi non ut asperiores ipsa. Consequatur voluptas sit dolor odit. Voluptatem quia dolor ratione consequatur nam beatae consequatur.', 0, 0, '2008-01-12 02:43:14');
INSERT INTO `messages` (`id`, `from_user_id`, `to_user_id`, `body`, `is_important`, `is_delivered`, `created_at`) VALUES (441, 28, 4, 'Id tempora minus quia impedit sit mollitia corporis. Ipsam dolorem corporis reprehenderit eaque officiis quia. Iste commodi dolor voluptas optio sequi. Ipsum aut consequatur nam molestiae voluptas occaecati.', 1, 0, '1971-11-28 12:20:11');
INSERT INTO `messages` (`id`, `from_user_id`, `to_user_id`, `body`, `is_important`, `is_delivered`, `created_at`) VALUES (442, 24, 37, 'Accusantium et qui odio dolorum distinctio occaecati recusandae quibusdam. Voluptas veniam pariatur minima itaque quo quaerat. Id eos quia sunt voluptatem asperiores aut cumque. Vel iste ab qui molestiae est eos at aliquam.', 0, 1, '1999-11-07 23:09:33');
INSERT INTO `messages` (`id`, `from_user_id`, `to_user_id`, `body`, `is_important`, `is_delivered`, `created_at`) VALUES (443, 10, 99, 'Harum amet modi quia et qui. Ratione qui impedit dignissimos. Sequi molestias nesciunt sequi doloribus at.', 0, 0, '1978-11-30 06:19:38');
INSERT INTO `messages` (`id`, `from_user_id`, `to_user_id`, `body`, `is_important`, `is_delivered`, `created_at`) VALUES (444, 31, 36, 'Harum eos velit omnis consectetur maiores. Quas iure impedit ut. Non et quam deserunt illum.', 0, 1, '1983-12-03 16:15:05');
INSERT INTO `messages` (`id`, `from_user_id`, `to_user_id`, `body`, `is_important`, `is_delivered`, `created_at`) VALUES (445, 92, 53, 'Qui vitae sed impedit labore non perspiciatis dolorem. Sit dolore sint laudantium cum expedita sed. Mollitia recusandae sed hic sint eligendi repudiandae repellat et. Corrupti dicta maxime reprehenderit magni qui sint voluptatibus sit.', 0, 0, '2004-02-24 18:34:19');
INSERT INTO `messages` (`id`, `from_user_id`, `to_user_id`, `body`, `is_important`, `is_delivered`, `created_at`) VALUES (446, 44, 67, 'Eum repellat officiis provident molestiae sed harum. Omnis et consequatur veritatis saepe sint atque. Ut id numquam corrupti veritatis sed animi. Ducimus ipsum eum ea beatae.', 0, 1, '1987-12-22 17:17:14');
INSERT INTO `messages` (`id`, `from_user_id`, `to_user_id`, `body`, `is_important`, `is_delivered`, `created_at`) VALUES (447, 66, 92, 'Libero voluptas est non iure fugit. Nam praesentium ea odio iusto nisi. Vel minima et omnis est id animi. Sint autem dolorem alias voluptatem.', 0, 1, '1974-03-19 13:50:41');
INSERT INTO `messages` (`id`, `from_user_id`, `to_user_id`, `body`, `is_important`, `is_delivered`, `created_at`) VALUES (448, 9, 82, 'Nam recusandae aliquid eum consequatur. Possimus molestias ut ipsa non in. Alias qui voluptas voluptatem quia tenetur magnam et.', 1, 1, '2011-06-06 14:40:30');
INSERT INTO `messages` (`id`, `from_user_id`, `to_user_id`, `body`, `is_important`, `is_delivered`, `created_at`) VALUES (449, 24, 14, 'Enim explicabo laboriosam quisquam velit asperiores et velit. Velit facilis cupiditate est vero autem voluptas enim velit. Ut nisi sit atque nesciunt molestiae optio voluptatum. Eveniet et magni nemo ullam magni ut doloribus.', 0, 0, '1972-10-14 20:32:49');
INSERT INTO `messages` (`id`, `from_user_id`, `to_user_id`, `body`, `is_important`, `is_delivered`, `created_at`) VALUES (450, 93, 22, 'Sunt minima minus quibusdam voluptatem ipsa assumenda quidem. Quas aspernatur et qui tempora voluptas. Quos dolor veritatis dolor sunt aperiam odio autem.', 1, 1, '1979-12-09 14:04:51');
INSERT INTO `messages` (`id`, `from_user_id`, `to_user_id`, `body`, `is_important`, `is_delivered`, `created_at`) VALUES (451, 73, 91, 'Incidunt doloribus sapiente dolorem rem dolor natus officiis nam. Ut optio voluptates vitae incidunt ipsa reprehenderit fuga. Ipsam dolor placeat magni doloribus ullam. Aut quaerat reiciendis cupiditate voluptatem veritatis rem incidunt occaecati.', 0, 1, '2015-11-25 21:40:50');
INSERT INTO `messages` (`id`, `from_user_id`, `to_user_id`, `body`, `is_important`, `is_delivered`, `created_at`) VALUES (452, 19, 43, 'Alias tempora exercitationem aut et porro quo voluptates. Dolor odit ullam explicabo veniam. Est cum necessitatibus necessitatibus libero consequatur tempore exercitationem. Commodi nostrum voluptatibus consequuntur quae voluptatibus optio veniam.', 0, 1, '1976-05-16 21:10:42');
INSERT INTO `messages` (`id`, `from_user_id`, `to_user_id`, `body`, `is_important`, `is_delivered`, `created_at`) VALUES (453, 8, 34, 'Quasi quos rem aut perspiciatis asperiores. Quis sit accusamus asperiores. Temporibus et et perspiciatis quis. Eaque tempore sed velit quisquam necessitatibus corrupti labore.', 0, 1, '2016-03-05 15:56:04');
INSERT INTO `messages` (`id`, `from_user_id`, `to_user_id`, `body`, `is_important`, `is_delivered`, `created_at`) VALUES (454, 78, 74, 'Ipsa adipisci fugiat quis perspiciatis. Itaque et laborum neque voluptatum sint. Ipsam et modi omnis.', 0, 0, '1989-05-05 09:02:49');
INSERT INTO `messages` (`id`, `from_user_id`, `to_user_id`, `body`, `is_important`, `is_delivered`, `created_at`) VALUES (455, 8, 64, 'Quisquam quas et quis consequatur. Nisi maiores porro aut ipsum atque itaque.', 0, 0, '2003-04-21 05:34:41');
INSERT INTO `messages` (`id`, `from_user_id`, `to_user_id`, `body`, `is_important`, `is_delivered`, `created_at`) VALUES (456, 56, 74, 'Omnis molestiae ipsum nisi doloremque deleniti. Quasi minima rem eos. Ipsam autem beatae non ab eos cumque. Nostrum et quibusdam iste praesentium.', 1, 1, '1987-09-18 03:27:15');
INSERT INTO `messages` (`id`, `from_user_id`, `to_user_id`, `body`, `is_important`, `is_delivered`, `created_at`) VALUES (457, 62, 33, 'Nam laudantium laboriosam dolorum repellendus. Nemo animi consequatur veritatis ut pariatur commodi itaque voluptatem. Sequi esse corrupti voluptatem ad non error. Quidem cum sed harum sapiente vel et omnis.', 1, 0, '1974-11-18 21:51:16');
INSERT INTO `messages` (`id`, `from_user_id`, `to_user_id`, `body`, `is_important`, `is_delivered`, `created_at`) VALUES (458, 72, 76, 'Quis placeat veritatis temporibus suscipit labore tempore. Repellat odit est deserunt totam laudantium incidunt. Aliquam recusandae consectetur excepturi cumque. Nisi aut qui voluptas. Doloribus est soluta quae est.', 1, 1, '1992-02-06 21:13:45');
INSERT INTO `messages` (`id`, `from_user_id`, `to_user_id`, `body`, `is_important`, `is_delivered`, `created_at`) VALUES (459, 13, 100, 'Praesentium necessitatibus aspernatur consectetur cupiditate neque aliquid. Non ut assumenda sed eligendi. Dolor reprehenderit nihil iste sequi porro similique. Nulla eveniet blanditiis reprehenderit impedit quod aut. Aspernatur enim voluptatibus maiores autem ut eum.', 0, 0, '2003-10-13 19:32:07');
INSERT INTO `messages` (`id`, `from_user_id`, `to_user_id`, `body`, `is_important`, `is_delivered`, `created_at`) VALUES (460, 35, 42, 'Beatae vel aliquid nam quae a. Provident autem vel tempore vero odio vitae beatae aut. Doloremque velit sint et vel repellat.', 0, 1, '1984-04-30 12:48:43');
INSERT INTO `messages` (`id`, `from_user_id`, `to_user_id`, `body`, `is_important`, `is_delivered`, `created_at`) VALUES (461, 3, 82, 'Atque delectus voluptas dolorum. Eum ullam voluptatem porro neque. Possimus quos accusantium consequuntur error aut. Eum asperiores quia dolores est.', 0, 1, '2009-03-10 09:19:51');
INSERT INTO `messages` (`id`, `from_user_id`, `to_user_id`, `body`, `is_important`, `is_delivered`, `created_at`) VALUES (462, 1, 75, 'Officiis accusantium voluptate sunt consequatur quia qui at. Ut voluptas dolorum quia et error. Inventore a suscipit saepe quis.', 1, 0, '2016-06-30 14:00:39');
INSERT INTO `messages` (`id`, `from_user_id`, `to_user_id`, `body`, `is_important`, `is_delivered`, `created_at`) VALUES (463, 95, 68, 'Provident aut et possimus atque atque aspernatur qui aspernatur. Aliquid sapiente modi nemo dicta facilis sit. Nam dolor quas sunt ipsa mollitia. Nihil voluptas maiores minus quidem itaque animi omnis.', 0, 1, '2007-02-21 13:17:50');
INSERT INTO `messages` (`id`, `from_user_id`, `to_user_id`, `body`, `is_important`, `is_delivered`, `created_at`) VALUES (464, 51, 49, 'Rem earum tenetur suscipit sapiente. Doloribus rerum velit fugiat quod sequi ab. Nihil velit qui repellendus. Aliquam aliquam debitis accusantium unde omnis commodi.', 0, 1, '2001-01-18 09:20:43');
INSERT INTO `messages` (`id`, `from_user_id`, `to_user_id`, `body`, `is_important`, `is_delivered`, `created_at`) VALUES (465, 72, 95, 'Dolor earum nam est quo qui. Blanditiis dolorum numquam nihil et explicabo. Accusamus mollitia voluptatum eaque temporibus dolorem.', 0, 0, '2001-10-08 07:37:47');
INSERT INTO `messages` (`id`, `from_user_id`, `to_user_id`, `body`, `is_important`, `is_delivered`, `created_at`) VALUES (466, 68, 7, 'Quis repellat consequatur nulla minus eaque est officiis. Ut et maiores sint iste rerum facere. Enim veniam iure qui adipisci consectetur. Error iste occaecati consectetur dolorem minima eum in. Autem vitae nobis quis quia.', 1, 0, '2004-07-06 10:45:17');
INSERT INTO `messages` (`id`, `from_user_id`, `to_user_id`, `body`, `is_important`, `is_delivered`, `created_at`) VALUES (467, 16, 46, 'Iste ut impedit voluptas. Nobis in non reprehenderit repellat. Voluptates aut nihil assumenda sint qui quo.', 0, 1, '1975-04-12 15:19:12');
INSERT INTO `messages` (`id`, `from_user_id`, `to_user_id`, `body`, `is_important`, `is_delivered`, `created_at`) VALUES (468, 69, 90, 'Temporibus eius labore aperiam commodi nisi autem. Quod voluptatem ipsa doloribus fugiat. Nesciunt voluptatibus officia quia omnis magnam nam beatae.', 0, 1, '1993-01-12 17:12:03');
INSERT INTO `messages` (`id`, `from_user_id`, `to_user_id`, `body`, `is_important`, `is_delivered`, `created_at`) VALUES (469, 43, 17, 'Dolores maxime quis quisquam vitae. Rerum necessitatibus quae dignissimos alias. Qui vel earum ut quis est accusamus est.', 1, 1, '1978-06-03 13:30:04');
INSERT INTO `messages` (`id`, `from_user_id`, `to_user_id`, `body`, `is_important`, `is_delivered`, `created_at`) VALUES (470, 76, 20, 'Earum ut voluptatem quia autem eveniet et facere. Earum ut ut eaque est ea dolor. Aut modi reiciendis sit. Repellendus a non deserunt.', 1, 0, '1997-05-04 10:45:49');
INSERT INTO `messages` (`id`, `from_user_id`, `to_user_id`, `body`, `is_important`, `is_delivered`, `created_at`) VALUES (471, 23, 40, 'Doloremque similique mollitia non iste vitae nam recusandae. Vel ea vel harum nostrum id assumenda autem. Dolorem voluptatem laudantium et expedita aperiam soluta. In culpa odit qui quidem laudantium corrupti fugiat.', 1, 1, '1999-04-17 21:23:10');
INSERT INTO `messages` (`id`, `from_user_id`, `to_user_id`, `body`, `is_important`, `is_delivered`, `created_at`) VALUES (472, 54, 99, 'Dolores repellendus hic placeat et dolor modi. Tempore suscipit numquam vel ea officiis sed. Quo temporibus et qui laboriosam.', 1, 1, '2008-04-22 22:47:51');
INSERT INTO `messages` (`id`, `from_user_id`, `to_user_id`, `body`, `is_important`, `is_delivered`, `created_at`) VALUES (473, 45, 2, 'Earum eaque eum eligendi laudantium non tempore et. Ipsam voluptatem id quidem nesciunt et laborum dolorum. Saepe voluptas ut minus aut non rerum quisquam.', 0, 1, '1975-11-11 13:02:49');
INSERT INTO `messages` (`id`, `from_user_id`, `to_user_id`, `body`, `is_important`, `is_delivered`, `created_at`) VALUES (474, 91, 66, 'Sed blanditiis et laudantium fugiat. Error iusto est voluptas quam sapiente. Voluptatem quaerat ab doloribus eaque quo.', 1, 1, '2020-06-10 19:15:57');
INSERT INTO `messages` (`id`, `from_user_id`, `to_user_id`, `body`, `is_important`, `is_delivered`, `created_at`) VALUES (475, 3, 67, 'Sed nesciunt nesciunt doloribus temporibus. Est autem natus voluptatem quia perspiciatis ad. Non et autem vero. Culpa deserunt dolorum facilis doloremque illum alias sunt. Hic veniam deleniti unde labore.', 0, 0, '1982-01-14 21:42:41');
INSERT INTO `messages` (`id`, `from_user_id`, `to_user_id`, `body`, `is_important`, `is_delivered`, `created_at`) VALUES (476, 7, 26, 'Nulla atque voluptatem ab pariatur eligendi. Neque veritatis porro ut qui consectetur. Similique animi dolorum voluptatum id dicta qui sit. Aliquam eius impedit error.', 0, 1, '1993-08-15 07:41:20');
INSERT INTO `messages` (`id`, `from_user_id`, `to_user_id`, `body`, `is_important`, `is_delivered`, `created_at`) VALUES (477, 87, 97, 'Odio assumenda a repellat voluptatum nesciunt et quae. Et necessitatibus pariatur expedita. Nemo et iste dolor temporibus. Ut quo consequatur neque.', 0, 0, '2009-12-29 20:35:56');
INSERT INTO `messages` (`id`, `from_user_id`, `to_user_id`, `body`, `is_important`, `is_delivered`, `created_at`) VALUES (478, 38, 32, 'Ut voluptate assumenda atque mollitia dolor. Id voluptatem quam commodi recusandae sit id. Ea accusantium aut totam incidunt. Sint molestiae et in doloremque quia.', 1, 1, '1978-12-16 12:02:29');
INSERT INTO `messages` (`id`, `from_user_id`, `to_user_id`, `body`, `is_important`, `is_delivered`, `created_at`) VALUES (479, 36, 14, 'Omnis harum quam libero et deserunt aperiam aperiam. Earum quis et et libero et. Accusantium vero voluptatibus velit ea.', 1, 1, '1991-03-04 23:14:36');
INSERT INTO `messages` (`id`, `from_user_id`, `to_user_id`, `body`, `is_important`, `is_delivered`, `created_at`) VALUES (480, 86, 0, 'Qui iusto doloribus adipisci soluta occaecati. Explicabo hic quos nam facilis veritatis. Voluptates optio dolores deleniti deleniti.', 0, 0, '1995-04-19 18:14:56');
INSERT INTO `messages` (`id`, `from_user_id`, `to_user_id`, `body`, `is_important`, `is_delivered`, `created_at`) VALUES (481, 88, 100, 'Rerum praesentium sapiente delectus qui. Suscipit earum maxime qui quo dolor excepturi. Facilis ut quae voluptatibus aperiam qui placeat. Assumenda asperiores animi ut in aut sapiente. Excepturi et in aut quod dicta.', 1, 0, '2017-08-17 04:05:39');
INSERT INTO `messages` (`id`, `from_user_id`, `to_user_id`, `body`, `is_important`, `is_delivered`, `created_at`) VALUES (482, 26, 69, 'Vel vero cumque ad exercitationem ratione harum eum. Quasi voluptatem quo ea nisi velit placeat rerum aut.', 1, 0, '2015-04-27 14:44:39');
INSERT INTO `messages` (`id`, `from_user_id`, `to_user_id`, `body`, `is_important`, `is_delivered`, `created_at`) VALUES (483, 7, 96, 'Amet error ipsum modi eaque quo nulla. Quia maiores quis vel excepturi voluptas. Doloremque autem aut expedita et veritatis. Dignissimos beatae eligendi dolor natus sit et voluptatem.', 1, 0, '2015-07-04 06:02:57');
INSERT INTO `messages` (`id`, `from_user_id`, `to_user_id`, `body`, `is_important`, `is_delivered`, `created_at`) VALUES (484, 10, 69, 'Est rerum error et ut dolor temporibus molestiae. Laudantium enim illo et veniam ab quae. Aliquid incidunt repellendus quas architecto doloremque dolorem.', 0, 1, '2008-06-12 17:24:39');
INSERT INTO `messages` (`id`, `from_user_id`, `to_user_id`, `body`, `is_important`, `is_delivered`, `created_at`) VALUES (485, 75, 69, 'Ut assumenda quas quaerat. Assumenda qui dicta tenetur sit sed doloribus. Officiis accusantium et enim.', 0, 0, '1992-04-03 15:32:13');
INSERT INTO `messages` (`id`, `from_user_id`, `to_user_id`, `body`, `is_important`, `is_delivered`, `created_at`) VALUES (486, 80, 62, 'Natus velit voluptatem quis similique ipsam praesentium deserunt accusantium. Quaerat earum quos praesentium qui minus. Omnis aliquam totam omnis amet.', 0, 0, '1996-08-16 03:23:00');
INSERT INTO `messages` (`id`, `from_user_id`, `to_user_id`, `body`, `is_important`, `is_delivered`, `created_at`) VALUES (487, 57, 98, 'Veritatis saepe est voluptas in dolorum enim. Mollitia est nostrum aut vel. Consequatur perferendis voluptatem rerum nisi aut totam vel aspernatur.', 1, 1, '1976-04-23 01:29:54');
INSERT INTO `messages` (`id`, `from_user_id`, `to_user_id`, `body`, `is_important`, `is_delivered`, `created_at`) VALUES (488, 92, 5, 'Aut tempore laboriosam aspernatur qui quas consequatur. Repellendus quo dolore cumque veritatis. Repudiandae nostrum vero maxime dolores.', 0, 1, '2006-05-31 15:09:41');
INSERT INTO `messages` (`id`, `from_user_id`, `to_user_id`, `body`, `is_important`, `is_delivered`, `created_at`) VALUES (489, 54, 1, 'Omnis provident occaecati omnis odit nihil recusandae. Accusantium odio omnis maxime corporis. Nostrum odio ducimus est necessitatibus nihil et iusto.', 0, 0, '2000-08-13 18:59:43');
INSERT INTO `messages` (`id`, `from_user_id`, `to_user_id`, `body`, `is_important`, `is_delivered`, `created_at`) VALUES (490, 75, 100, 'Consequatur delectus quia dolores veritatis. Iste quaerat nisi ipsam atque omnis quod ipsum. Nihil libero et optio qui explicabo rerum. Id eveniet impedit nulla id.', 1, 1, '1997-02-20 20:06:41');
INSERT INTO `messages` (`id`, `from_user_id`, `to_user_id`, `body`, `is_important`, `is_delivered`, `created_at`) VALUES (491, 12, 12, 'Quibusdam sit eum doloribus et. Laborum nam ducimus pariatur veritatis facere minus. Assumenda quo suscipit sunt reprehenderit voluptas. Harum magni repellendus nihil libero voluptatem sit voluptate. Ut saepe id consequuntur eum.', 0, 0, '2007-04-13 13:38:52');
INSERT INTO `messages` (`id`, `from_user_id`, `to_user_id`, `body`, `is_important`, `is_delivered`, `created_at`) VALUES (492, 4, 63, 'Ullam beatae sit neque voluptas. Placeat cumque et ipsa odit harum deleniti. Possimus maxime corrupti velit. Sint occaecati voluptatem aliquam maiores.', 0, 0, '1970-08-14 21:51:58');
INSERT INTO `messages` (`id`, `from_user_id`, `to_user_id`, `body`, `is_important`, `is_delivered`, `created_at`) VALUES (493, 64, 79, 'Porro totam quia laudantium dolorem sapiente rerum aspernatur. Dolores et culpa ut soluta. Commodi nobis sunt aperiam aut eum. Ipsa qui sequi quisquam dolor blanditiis reiciendis labore saepe.', 0, 1, '1975-06-13 16:53:37');
INSERT INTO `messages` (`id`, `from_user_id`, `to_user_id`, `body`, `is_important`, `is_delivered`, `created_at`) VALUES (494, 55, 7, 'Officia est illo facilis atque non. Inventore ipsa adipisci praesentium. Suscipit dolorum sit dolor officia. Molestias deleniti doloremque quia modi molestiae ut. Corporis eos possimus omnis vel nihil ut.', 0, 1, '1996-02-11 15:27:11');
INSERT INTO `messages` (`id`, `from_user_id`, `to_user_id`, `body`, `is_important`, `is_delivered`, `created_at`) VALUES (495, 27, 81, 'Quis sunt repellendus eos sint aut. Eligendi doloribus rerum velit consequatur repellendus quod fuga. Error nam delectus asperiores atque explicabo. Earum et sint recusandae. Voluptates non dolores sed dolores corporis.', 0, 1, '1997-06-10 10:09:35');
INSERT INTO `messages` (`id`, `from_user_id`, `to_user_id`, `body`, `is_important`, `is_delivered`, `created_at`) VALUES (496, 22, 44, 'Ad eos non dignissimos non quis veniam sint. Quibusdam beatae sunt deserunt in. Id ipsam deleniti sunt labore accusamus quisquam nostrum.', 0, 0, '2003-10-23 12:23:03');
INSERT INTO `messages` (`id`, `from_user_id`, `to_user_id`, `body`, `is_important`, `is_delivered`, `created_at`) VALUES (497, 17, 24, 'Impedit iste dolorem quaerat aliquid. Voluptatem sit repellendus nulla. Nulla consequuntur qui quo sit eaque vel. Soluta voluptas architecto iusto eos minima recusandae. Molestiae natus quia qui aut deleniti.', 0, 0, '2006-07-12 12:23:30');
INSERT INTO `messages` (`id`, `from_user_id`, `to_user_id`, `body`, `is_important`, `is_delivered`, `created_at`) VALUES (498, 11, 17, 'Sed optio harum sint atque vero et. Veritatis ea est alias occaecati voluptatum. Mollitia est iusto officia ea est ut sit sed. Illo quo voluptas enim debitis quisquam in saepe.', 0, 0, '1994-06-02 13:35:08');
INSERT INTO `messages` (`id`, `from_user_id`, `to_user_id`, `body`, `is_important`, `is_delivered`, `created_at`) VALUES (499, 26, 20, 'Dolorum molestias omnis culpa nihil ad ab. In officiis animi quia. Id commodi et molestias sint error corrupti.', 0, 0, '1970-03-02 08:39:07');
INSERT INTO `messages` (`id`, `from_user_id`, `to_user_id`, `body`, `is_important`, `is_delivered`, `created_at`) VALUES (500, 95, 25, 'Sit asperiores autem ipsum natus sit minus. Consectetur et voluptas aspernatur quam magni aut non. Et tempora ut dignissimos sint aperiam quasi deleniti. Rerum magnam aspernatur consequuntur animi sit. Minus similique blanditiis consequatur aut blanditiis.', 0, 0, '2012-10-31 05:31:02');


#
# TABLE STRUCTURE FOR: profiles
#

DROP TABLE IF EXISTS `profiles`;

CREATE TABLE `profiles` (
  `users_id` int(10) unsigned NOT NULL,
  `gender` char(1) COLLATE utf8_unicode_ci NOT NULL,
  `birthday` date DEFAULT NULL,
  `city` varchar(130) COLLATE utf8_unicode_ci DEFAULT NULL,
  `country` varchar(130) COLLATE utf8_unicode_ci DEFAULT NULL,
  `created_at` datetime DEFAULT current_timestamp(),
  `updated_at` datetime DEFAULT current_timestamp() ON UPDATE current_timestamp(),
  PRIMARY KEY (`users_id`)
) ENGINE=InnoDB DEFAULT CHARSET=utf8 COLLATE=utf8_unicode_ci;

INSERT INTO `profiles` (`users_id`, `gender`, `birthday`, `city`, `country`, `created_at`, `updated_at`) VALUES (0, 'f', '2009-07-10', 'Jeremyberg', 'Norway', '2018-11-09 01:04:08', '2018-01-08 18:25:04');
INSERT INTO `profiles` (`users_id`, `gender`, `birthday`, `city`, `country`, `created_at`, `updated_at`) VALUES (1, 'm', '1983-06-02', 'Boscoborough', 'New Caledonia', '2018-05-03 12:58:33', '2019-11-11 16:00:47');
INSERT INTO `profiles` (`users_id`, `gender`, `birthday`, `city`, `country`, `created_at`, `updated_at`) VALUES (2, 'f', '2010-01-25', 'Lucioport', 'Ukraine', '2015-08-03 10:31:50', '2016-03-07 14:52:12');
INSERT INTO `profiles` (`users_id`, `gender`, `birthday`, `city`, `country`, `created_at`, `updated_at`) VALUES (3, 'm', '2015-04-22', 'Klingbury', 'Russian Federation', '2020-09-22 15:10:52', '2017-11-09 10:11:17');
INSERT INTO `profiles` (`users_id`, `gender`, `birthday`, `city`, `country`, `created_at`, `updated_at`) VALUES (4, 'm', '1987-06-21', 'Simoniston', 'Indonesia', '2015-05-18 04:26:56', '2013-09-22 16:40:44');
INSERT INTO `profiles` (`users_id`, `gender`, `birthday`, `city`, `country`, `created_at`, `updated_at`) VALUES (5, 'm', '1997-11-25', 'Runolfsdottirtown', 'Greenland', '2015-06-03 20:41:07', '2017-08-03 03:19:01');
INSERT INTO `profiles` (`users_id`, `gender`, `birthday`, `city`, `country`, `created_at`, `updated_at`) VALUES (6, 'm', '1999-08-17', 'Clintonton', 'Bolivia', '2020-10-08 02:53:35', '2019-08-14 07:41:49');
INSERT INTO `profiles` (`users_id`, `gender`, `birthday`, `city`, `country`, `created_at`, `updated_at`) VALUES (7, 'm', '1982-02-21', 'Laurinehaven', 'Madagascar', '2014-05-12 14:35:28', '2015-04-01 14:12:13');
INSERT INTO `profiles` (`users_id`, `gender`, `birthday`, `city`, `country`, `created_at`, `updated_at`) VALUES (8, 'f', '1991-08-02', 'Leilanimouth', 'French Southern Territories', '2018-07-26 17:53:43', '2014-07-17 22:28:34');
INSERT INTO `profiles` (`users_id`, `gender`, `birthday`, `city`, `country`, `created_at`, `updated_at`) VALUES (9, 'f', '2020-06-18', 'Port Christopland', 'Saint Kitts and Nevis', '2017-06-29 10:36:17', '2015-04-26 01:07:38');
INSERT INTO `profiles` (`users_id`, `gender`, `birthday`, `city`, `country`, `created_at`, `updated_at`) VALUES (10, 'f', '1977-09-12', 'Wildermanview', 'Cameroon', '2011-04-24 08:05:57', '2014-01-06 10:25:28');
INSERT INTO `profiles` (`users_id`, `gender`, `birthday`, `city`, `country`, `created_at`, `updated_at`) VALUES (11, 'f', '1988-12-17', 'North Norbertoland', 'Uganda', '2020-08-21 08:47:35', '2014-06-01 03:34:27');
INSERT INTO `profiles` (`users_id`, `gender`, `birthday`, `city`, `country`, `created_at`, `updated_at`) VALUES (12, 'f', '2008-05-14', 'Dibbertfort', 'Botswana', '2011-02-07 02:26:34', '2013-06-16 07:04:38');
INSERT INTO `profiles` (`users_id`, `gender`, `birthday`, `city`, `country`, `created_at`, `updated_at`) VALUES (13, 'm', '2012-09-24', 'Royalland', 'Bolivia', '2014-10-29 13:57:04', '2020-10-01 17:00:20');
INSERT INTO `profiles` (`users_id`, `gender`, `birthday`, `city`, `country`, `created_at`, `updated_at`) VALUES (14, 'f', '1981-04-30', 'Brionnaview', 'Costa Rica', '2016-12-01 09:39:48', '2016-01-21 01:12:06');
INSERT INTO `profiles` (`users_id`, `gender`, `birthday`, `city`, `country`, `created_at`, `updated_at`) VALUES (15, 'f', '1995-06-13', 'Spencerfort', 'American Samoa', '2016-08-01 20:58:05', '2015-04-09 07:26:11');
INSERT INTO `profiles` (`users_id`, `gender`, `birthday`, `city`, `country`, `created_at`, `updated_at`) VALUES (16, 'f', '1980-06-22', 'Oletaside', 'Switzerland', '2015-12-26 01:31:28', '2012-03-28 18:23:18');
INSERT INTO `profiles` (`users_id`, `gender`, `birthday`, `city`, `country`, `created_at`, `updated_at`) VALUES (17, 'f', '2018-02-11', 'Florencetown', 'Canada', '2014-03-05 11:56:01', '2020-01-24 18:50:02');
INSERT INTO `profiles` (`users_id`, `gender`, `birthday`, `city`, `country`, `created_at`, `updated_at`) VALUES (18, 'm', '2017-09-12', 'Herminiafurt', 'Iceland', '2013-01-17 05:12:40', '2020-08-27 14:36:38');
INSERT INTO `profiles` (`users_id`, `gender`, `birthday`, `city`, `country`, `created_at`, `updated_at`) VALUES (19, 'f', '2006-12-05', 'New Leilanimouth', 'Angola', '2015-07-03 13:15:45', '2019-07-09 20:25:59');
INSERT INTO `profiles` (`users_id`, `gender`, `birthday`, `city`, `country`, `created_at`, `updated_at`) VALUES (20, 'f', '1974-01-14', 'Elzatown', 'Isle of Man', '2018-02-17 17:29:59', '2014-12-01 11:35:11');
INSERT INTO `profiles` (`users_id`, `gender`, `birthday`, `city`, `country`, `created_at`, `updated_at`) VALUES (21, 'f', '2007-03-26', 'East Orlo', 'Tonga', '2017-09-20 14:57:00', '2011-11-24 19:14:40');
INSERT INTO `profiles` (`users_id`, `gender`, `birthday`, `city`, `country`, `created_at`, `updated_at`) VALUES (22, 'f', '1999-06-20', 'Dachton', 'Canada', '2019-09-27 19:52:24', '2016-11-07 08:01:15');
INSERT INTO `profiles` (`users_id`, `gender`, `birthday`, `city`, `country`, `created_at`, `updated_at`) VALUES (23, 'm', '2002-06-12', 'Johannashire', 'Western Sahara', '2015-02-12 19:50:06', '2012-11-27 06:07:44');
INSERT INTO `profiles` (`users_id`, `gender`, `birthday`, `city`, `country`, `created_at`, `updated_at`) VALUES (24, 'f', '1973-04-28', 'West Gennaro', 'Turks and Caicos Islands', '2018-12-29 12:10:10', '2012-06-26 04:42:47');
INSERT INTO `profiles` (`users_id`, `gender`, `birthday`, `city`, `country`, `created_at`, `updated_at`) VALUES (25, 'm', '2010-10-03', 'Everetteside', 'Germany', '2020-03-22 20:20:12', '2012-06-15 04:46:49');
INSERT INTO `profiles` (`users_id`, `gender`, `birthday`, `city`, `country`, `created_at`, `updated_at`) VALUES (26, 'f', '1997-08-17', 'Kreigerborough', 'Brazil', '2016-09-22 07:42:24', '2015-12-09 13:15:55');
INSERT INTO `profiles` (`users_id`, `gender`, `birthday`, `city`, `country`, `created_at`, `updated_at`) VALUES (27, 'f', '1983-01-06', 'North Norwood', 'Netherlands', '2018-01-10 22:39:31', '2020-06-09 01:45:43');
INSERT INTO `profiles` (`users_id`, `gender`, `birthday`, `city`, `country`, `created_at`, `updated_at`) VALUES (28, 'm', '1993-10-04', 'Kayleeside', 'Nauru', '2017-08-01 00:47:56', '2014-02-04 19:59:54');
INSERT INTO `profiles` (`users_id`, `gender`, `birthday`, `city`, `country`, `created_at`, `updated_at`) VALUES (29, 'f', '2004-05-24', 'Port Hosea', 'Sao Tome and Principe', '2016-05-28 07:22:16', '2015-06-28 01:31:20');
INSERT INTO `profiles` (`users_id`, `gender`, `birthday`, `city`, `country`, `created_at`, `updated_at`) VALUES (30, 'f', '1996-12-21', 'Treybury', 'Sweden', '2011-07-21 00:30:35', '2014-05-20 22:36:48');
INSERT INTO `profiles` (`users_id`, `gender`, `birthday`, `city`, `country`, `created_at`, `updated_at`) VALUES (31, 'm', '2012-09-07', 'North Berenice', 'Czech Republic', '2018-03-29 17:21:35', '2011-01-25 05:24:42');
INSERT INTO `profiles` (`users_id`, `gender`, `birthday`, `city`, `country`, `created_at`, `updated_at`) VALUES (32, 'f', '1990-04-18', 'Moriahburgh', 'Armenia', '2013-02-28 18:39:51', '2020-02-18 13:21:27');
INSERT INTO `profiles` (`users_id`, `gender`, `birthday`, `city`, `country`, `created_at`, `updated_at`) VALUES (33, 'm', '1980-06-14', 'Port Irving', 'Netherlands Antilles', '2020-07-28 23:00:08', '2012-01-09 16:02:56');
INSERT INTO `profiles` (`users_id`, `gender`, `birthday`, `city`, `country`, `created_at`, `updated_at`) VALUES (34, 'f', '2013-04-27', 'Bradtown', 'Gambia', '2018-03-25 22:01:49', '2019-03-10 07:41:18');
INSERT INTO `profiles` (`users_id`, `gender`, `birthday`, `city`, `country`, `created_at`, `updated_at`) VALUES (35, 'f', '2004-03-12', 'North Leone', 'Ethiopia', '2020-10-10 01:00:57', '2018-10-24 18:28:20');
INSERT INTO `profiles` (`users_id`, `gender`, `birthday`, `city`, `country`, `created_at`, `updated_at`) VALUES (36, 'f', '2020-03-07', 'Maceyfurt', 'Trinidad and Tobago', '2020-11-27 09:46:09', '2016-07-23 01:46:41');
INSERT INTO `profiles` (`users_id`, `gender`, `birthday`, `city`, `country`, `created_at`, `updated_at`) VALUES (37, 'm', '1987-02-14', 'South Judahbury', 'Ethiopia', '2012-03-18 22:39:44', '2017-02-26 07:11:38');
INSERT INTO `profiles` (`users_id`, `gender`, `birthday`, `city`, `country`, `created_at`, `updated_at`) VALUES (38, 'm', '2017-07-04', 'New Alfredaborough', 'Angola', '2012-02-28 06:09:57', '2015-11-03 17:09:04');
INSERT INTO `profiles` (`users_id`, `gender`, `birthday`, `city`, `country`, `created_at`, `updated_at`) VALUES (39, 'f', '1998-03-21', 'West Lew', 'Malawi', '2015-04-03 02:40:14', '2015-06-23 19:47:23');
INSERT INTO `profiles` (`users_id`, `gender`, `birthday`, `city`, `country`, `created_at`, `updated_at`) VALUES (40, 'f', '1995-08-09', 'South Irma', 'Pakistan', '2011-07-29 00:07:44', '2016-12-07 08:09:17');
INSERT INTO `profiles` (`users_id`, `gender`, `birthday`, `city`, `country`, `created_at`, `updated_at`) VALUES (41, 'f', '1987-07-29', 'South Jaclyn', 'Korea', '2015-11-27 11:02:29', '2018-06-14 21:45:55');
INSERT INTO `profiles` (`users_id`, `gender`, `birthday`, `city`, `country`, `created_at`, `updated_at`) VALUES (42, 'f', '2011-01-01', 'Gorczanystad', 'Armenia', '2017-10-27 08:05:46', '2013-08-19 23:43:45');
INSERT INTO `profiles` (`users_id`, `gender`, `birthday`, `city`, `country`, `created_at`, `updated_at`) VALUES (43, 'm', '1991-04-12', 'West Maymieside', 'Sao Tome and Principe', '2012-04-07 14:50:33', '2018-02-15 15:58:31');
INSERT INTO `profiles` (`users_id`, `gender`, `birthday`, `city`, `country`, `created_at`, `updated_at`) VALUES (44, 'f', '2008-02-03', 'Port Dayanamouth', 'Gabon', '2012-04-27 10:32:54', '2019-04-28 15:28:08');
INSERT INTO `profiles` (`users_id`, `gender`, `birthday`, `city`, `country`, `created_at`, `updated_at`) VALUES (45, 'f', '2006-08-01', 'Larrystad', 'Greece', '2013-04-19 13:30:19', '2012-12-07 14:11:25');
INSERT INTO `profiles` (`users_id`, `gender`, `birthday`, `city`, `country`, `created_at`, `updated_at`) VALUES (46, 'm', '1990-03-27', 'Dandreberg', 'Kiribati', '2016-11-24 04:24:51', '2017-04-07 22:16:29');
INSERT INTO `profiles` (`users_id`, `gender`, `birthday`, `city`, `country`, `created_at`, `updated_at`) VALUES (47, 'm', '2017-08-02', 'South Wadetown', 'Albania', '2019-12-09 16:01:35', '2020-12-14 18:27:22');
INSERT INTO `profiles` (`users_id`, `gender`, `birthday`, `city`, `country`, `created_at`, `updated_at`) VALUES (48, 'm', '1979-10-23', 'Dachfort', 'Syrian Arab Republic', '2018-06-04 01:58:22', '2019-04-09 06:51:18');
INSERT INTO `profiles` (`users_id`, `gender`, `birthday`, `city`, `country`, `created_at`, `updated_at`) VALUES (49, 'm', '1994-10-02', 'East Lesly', 'Oman', '2019-01-30 05:12:06', '2013-01-19 13:44:34');
INSERT INTO `profiles` (`users_id`, `gender`, `birthday`, `city`, `country`, `created_at`, `updated_at`) VALUES (50, 'm', '2016-01-28', 'East David', 'Netherlands', '2013-01-25 01:56:36', '2012-06-16 17:51:16');
INSERT INTO `profiles` (`users_id`, `gender`, `birthday`, `city`, `country`, `created_at`, `updated_at`) VALUES (51, 'f', '1981-05-11', 'Ivaview', 'Iceland', '2011-01-12 21:03:55', '2014-03-23 06:33:41');
INSERT INTO `profiles` (`users_id`, `gender`, `birthday`, `city`, `country`, `created_at`, `updated_at`) VALUES (52, 'm', '1987-12-22', 'Feeneyborough', 'Malta', '2012-07-19 18:24:48', '2019-12-31 15:45:32');
INSERT INTO `profiles` (`users_id`, `gender`, `birthday`, `city`, `country`, `created_at`, `updated_at`) VALUES (53, 'm', '1999-08-18', 'North Cletaburgh', 'Tajikistan', '2012-12-20 21:52:15', '2019-09-01 15:28:40');
INSERT INTO `profiles` (`users_id`, `gender`, `birthday`, `city`, `country`, `created_at`, `updated_at`) VALUES (54, 'f', '1981-09-27', 'Huelfort', 'Bahamas', '2014-08-15 10:46:27', '2013-09-24 22:39:12');
INSERT INTO `profiles` (`users_id`, `gender`, `birthday`, `city`, `country`, `created_at`, `updated_at`) VALUES (55, 'm', '1982-01-29', 'Saigechester', 'Ireland', '2012-07-14 02:18:12', '2013-10-31 23:32:40');
INSERT INTO `profiles` (`users_id`, `gender`, `birthday`, `city`, `country`, `created_at`, `updated_at`) VALUES (56, 'm', '2003-08-23', 'New Carletonfort', 'Cameroon', '2011-02-13 23:14:00', '2011-10-06 22:04:03');
INSERT INTO `profiles` (`users_id`, `gender`, `birthday`, `city`, `country`, `created_at`, `updated_at`) VALUES (57, 'f', '2004-03-06', 'New Matilde', 'Cambodia', '2013-01-07 14:28:29', '2013-08-25 22:32:03');
INSERT INTO `profiles` (`users_id`, `gender`, `birthday`, `city`, `country`, `created_at`, `updated_at`) VALUES (58, 'm', '2006-02-01', 'Bartonfurt', 'Uganda', '2017-11-17 02:47:51', '2013-11-29 18:29:43');
INSERT INTO `profiles` (`users_id`, `gender`, `birthday`, `city`, `country`, `created_at`, `updated_at`) VALUES (59, 'm', '2018-07-16', 'Bechtelarborough', 'Lebanon', '2012-05-14 10:07:01', '2019-05-12 01:49:38');
INSERT INTO `profiles` (`users_id`, `gender`, `birthday`, `city`, `country`, `created_at`, `updated_at`) VALUES (60, 'm', '1994-08-18', 'Bauchborough', 'Indonesia', '2015-10-17 10:58:28', '2012-09-17 13:42:39');
INSERT INTO `profiles` (`users_id`, `gender`, `birthday`, `city`, `country`, `created_at`, `updated_at`) VALUES (61, 'm', '1997-03-29', 'Hayleyport', 'Malawi', '2014-12-03 06:09:45', '2020-02-05 03:04:06');
INSERT INTO `profiles` (`users_id`, `gender`, `birthday`, `city`, `country`, `created_at`, `updated_at`) VALUES (62, 'm', '1992-11-13', 'Hoegermouth', 'Cyprus', '2013-07-24 15:25:40', '2013-03-04 07:32:57');
INSERT INTO `profiles` (`users_id`, `gender`, `birthday`, `city`, `country`, `created_at`, `updated_at`) VALUES (63, 'm', '1989-08-26', 'Cliffordstad', 'Kiribati', '2014-01-16 20:53:35', '2012-08-14 23:00:06');
INSERT INTO `profiles` (`users_id`, `gender`, `birthday`, `city`, `country`, `created_at`, `updated_at`) VALUES (64, 'm', '1981-03-13', 'East Normastad', 'Sierra Leone', '2017-05-13 06:27:21', '2012-11-28 23:05:42');
INSERT INTO `profiles` (`users_id`, `gender`, `birthday`, `city`, `country`, `created_at`, `updated_at`) VALUES (65, 'm', '1988-07-08', 'Deliatown', 'Austria', '2016-03-08 12:55:23', '2014-05-06 23:57:47');
INSERT INTO `profiles` (`users_id`, `gender`, `birthday`, `city`, `country`, `created_at`, `updated_at`) VALUES (66, 'm', '1990-04-22', 'Powlowskibury', 'Norfolk Island', '2015-05-31 04:04:51', '2011-04-22 11:31:07');
INSERT INTO `profiles` (`users_id`, `gender`, `birthday`, `city`, `country`, `created_at`, `updated_at`) VALUES (67, 'f', '1972-04-24', 'Dickenstown', 'Palau', '2019-01-12 18:34:23', '2015-03-15 17:27:20');
INSERT INTO `profiles` (`users_id`, `gender`, `birthday`, `city`, `country`, `created_at`, `updated_at`) VALUES (69, 'm', '1998-10-15', 'West Gerdaview', 'Trinidad and Tobago', '2012-04-29 07:34:26', '2017-02-11 21:53:42');
INSERT INTO `profiles` (`users_id`, `gender`, `birthday`, `city`, `country`, `created_at`, `updated_at`) VALUES (70, 'm', '1993-12-29', 'Port Madilynmouth', 'Mali', '2014-05-28 05:01:54', '2018-11-12 03:56:05');
INSERT INTO `profiles` (`users_id`, `gender`, `birthday`, `city`, `country`, `created_at`, `updated_at`) VALUES (71, 'f', '1985-01-14', 'Garnetview', 'Armenia', '2012-07-29 17:02:55', '2012-03-03 18:39:24');
INSERT INTO `profiles` (`users_id`, `gender`, `birthday`, `city`, `country`, `created_at`, `updated_at`) VALUES (72, 'm', '1995-01-22', 'McClureshire', 'Myanmar', '2016-01-16 17:49:06', '2018-08-01 20:36:18');
INSERT INTO `profiles` (`users_id`, `gender`, `birthday`, `city`, `country`, `created_at`, `updated_at`) VALUES (73, 'm', '1997-03-31', 'Swaniawskifort', 'French Guiana', '2015-07-19 07:29:11', '2015-10-23 11:42:01');
INSERT INTO `profiles` (`users_id`, `gender`, `birthday`, `city`, `country`, `created_at`, `updated_at`) VALUES (74, 'm', '1997-07-06', 'Port Vada', 'Mauritania', '2020-12-04 17:50:04', '2015-05-15 11:28:05');
INSERT INTO `profiles` (`users_id`, `gender`, `birthday`, `city`, `country`, `created_at`, `updated_at`) VALUES (75, 'f', '2013-09-06', 'Omaberg', 'United States of America', '2014-05-05 14:28:44', '2015-06-28 01:53:22');
INSERT INTO `profiles` (`users_id`, `gender`, `birthday`, `city`, `country`, `created_at`, `updated_at`) VALUES (76, 'm', '2018-04-28', 'Jasminhaven', 'New Caledonia', '2014-07-14 21:58:44', '2013-07-22 23:46:22');
INSERT INTO `profiles` (`users_id`, `gender`, `birthday`, `city`, `country`, `created_at`, `updated_at`) VALUES (77, 'm', '1990-09-25', 'New Ari', 'Montenegro', '2014-12-18 19:48:58', '2019-06-07 21:18:33');
INSERT INTO `profiles` (`users_id`, `gender`, `birthday`, `city`, `country`, `created_at`, `updated_at`) VALUES (78, 'f', '1994-05-24', 'Dockfurt', 'Yemen', '2017-09-16 21:17:58', '2018-07-25 10:51:28');
INSERT INTO `profiles` (`users_id`, `gender`, `birthday`, `city`, `country`, `created_at`, `updated_at`) VALUES (79, 'm', '2012-08-02', 'North Shirleyland', 'Greenland', '2020-03-18 18:42:03', '2016-11-23 13:53:01');
INSERT INTO `profiles` (`users_id`, `gender`, `birthday`, `city`, `country`, `created_at`, `updated_at`) VALUES (80, 'f', '1971-04-15', 'Port Peterchester', 'Christmas Island', '2016-10-17 03:11:36', '2017-10-09 01:25:40');
INSERT INTO `profiles` (`users_id`, `gender`, `birthday`, `city`, `country`, `created_at`, `updated_at`) VALUES (81, 'm', '1990-09-15', 'Lubowitzmouth', 'Albania', '2016-07-03 02:25:18', '2017-11-29 18:55:06');
INSERT INTO `profiles` (`users_id`, `gender`, `birthday`, `city`, `country`, `created_at`, `updated_at`) VALUES (82, 'f', '2009-03-02', 'Priceview', 'Latvia', '2014-07-22 13:11:33', '2013-12-06 19:33:59');
INSERT INTO `profiles` (`users_id`, `gender`, `birthday`, `city`, `country`, `created_at`, `updated_at`) VALUES (83, 'f', '2005-04-04', 'Camrynchester', 'Cyprus', '2016-04-24 12:52:37', '2015-04-26 21:27:23');
INSERT INTO `profiles` (`users_id`, `gender`, `birthday`, `city`, `country`, `created_at`, `updated_at`) VALUES (84, 'm', '2000-01-12', 'East Lynn', 'Austria', '2017-02-23 15:25:15', '2016-04-08 00:49:41');
INSERT INTO `profiles` (`users_id`, `gender`, `birthday`, `city`, `country`, `created_at`, `updated_at`) VALUES (85, 'm', '1985-06-30', 'Wisokyfurt', 'China', '2014-07-23 12:14:21', '2018-04-19 04:58:32');
INSERT INTO `profiles` (`users_id`, `gender`, `birthday`, `city`, `country`, `created_at`, `updated_at`) VALUES (86, 'm', '1994-10-04', 'East Makayla', 'Angola', '2013-04-09 09:19:26', '2013-11-03 23:24:43');
INSERT INTO `profiles` (`users_id`, `gender`, `birthday`, `city`, `country`, `created_at`, `updated_at`) VALUES (87, 'm', '1975-08-18', 'Port Gildaburgh', 'Vietnam', '2015-04-23 03:31:56', '2013-04-04 03:47:47');
INSERT INTO `profiles` (`users_id`, `gender`, `birthday`, `city`, `country`, `created_at`, `updated_at`) VALUES (88, 'm', '2012-04-19', 'Boehmburgh', 'Christmas Island', '2012-10-24 07:28:02', '2014-09-10 11:46:07');
INSERT INTO `profiles` (`users_id`, `gender`, `birthday`, `city`, `country`, `created_at`, `updated_at`) VALUES (89, 'm', '2012-05-03', 'North Lillianaville', 'Saint Vincent and the Grenadines', '2011-03-19 22:31:13', '2014-10-23 12:34:58');
INSERT INTO `profiles` (`users_id`, `gender`, `birthday`, `city`, `country`, `created_at`, `updated_at`) VALUES (90, 'f', '2001-07-08', 'Henriettehaven', 'Sri Lanka', '2015-02-08 10:11:21', '2011-01-16 10:13:02');
INSERT INTO `profiles` (`users_id`, `gender`, `birthday`, `city`, `country`, `created_at`, `updated_at`) VALUES (91, 'm', '2019-11-23', 'Lake Cali', 'Tonga', '2013-06-20 20:46:15', '2011-05-17 20:36:14');
INSERT INTO `profiles` (`users_id`, `gender`, `birthday`, `city`, `country`, `created_at`, `updated_at`) VALUES (92, 'f', '1981-01-29', 'North Blaise', 'Saint Helena', '2018-01-13 13:58:50', '2019-01-07 04:31:59');
INSERT INTO `profiles` (`users_id`, `gender`, `birthday`, `city`, `country`, `created_at`, `updated_at`) VALUES (93, 'm', '1983-11-12', 'Weimannhaven', 'Martinique', '2014-05-29 14:13:05', '2013-12-05 04:50:34');
INSERT INTO `profiles` (`users_id`, `gender`, `birthday`, `city`, `country`, `created_at`, `updated_at`) VALUES (94, 'm', '2015-12-18', 'South Hettieshire', 'Palau', '2018-01-20 00:58:24', '2018-02-25 00:04:57');
INSERT INTO `profiles` (`users_id`, `gender`, `birthday`, `city`, `country`, `created_at`, `updated_at`) VALUES (95, 'f', '1976-12-06', 'Carterbury', 'Lao People\'s Democratic Republic', '2015-12-12 03:17:28', '2013-08-01 06:23:22');
INSERT INTO `profiles` (`users_id`, `gender`, `birthday`, `city`, `country`, `created_at`, `updated_at`) VALUES (96, 'f', '1983-02-12', 'Jocelynbury', 'Falkland Islands (Malvinas)', '2013-08-28 05:48:29', '2014-09-25 08:14:23');
INSERT INTO `profiles` (`users_id`, `gender`, `birthday`, `city`, `country`, `created_at`, `updated_at`) VALUES (97, 'f', '1999-10-27', 'Lake Norwoodside', 'Kenya', '2012-05-25 20:40:39', '2015-11-25 13:13:09');
INSERT INTO `profiles` (`users_id`, `gender`, `birthday`, `city`, `country`, `created_at`, `updated_at`) VALUES (98, 'f', '1975-06-11', 'Port Orlando', 'Paraguay', '2012-09-25 14:56:57', '2017-02-04 01:32:37');
INSERT INTO `profiles` (`users_id`, `gender`, `birthday`, `city`, `country`, `created_at`, `updated_at`) VALUES (99, 'm', '2003-03-09', 'Gutkowskiton', 'Sweden', '2020-06-19 20:46:51', '2015-12-04 19:28:16');
INSERT INTO `profiles` (`users_id`, `gender`, `birthday`, `city`, `country`, `created_at`, `updated_at`) VALUES (100, 'f', '1980-12-01', 'Lake Diamondport', 'Iceland', '2011-11-07 05:07:48', '2017-03-14 22:29:41');


#
# TABLE STRUCTURE FOR: users
#

DROP TABLE IF EXISTS `users`;

CREATE TABLE `users` (
  `id` int(10) unsigned NOT NULL AUTO_INCREMENT,
  `first_name` varchar(100) COLLATE utf8_unicode_ci NOT NULL,
  `last_name` varchar(100) COLLATE utf8_unicode_ci NOT NULL,
  `email` varchar(100) COLLATE utf8_unicode_ci NOT NULL,
  `phone` varchar(100) COLLATE utf8_unicode_ci NOT NULL,
  `created_at` datetime DEFAULT current_timestamp(),
  `updated_at` datetime DEFAULT current_timestamp() ON UPDATE current_timestamp(),
  PRIMARY KEY (`id`),
  UNIQUE KEY `email` (`email`),
  UNIQUE KEY `phone` (`phone`)
) ENGINE=InnoDB AUTO_INCREMENT=101 DEFAULT CHARSET=utf8 COLLATE=utf8_unicode_ci;

INSERT INTO `users` (`id`, `first_name`, `last_name`, `email`, `phone`, `created_at`, `updated_at`) VALUES (1, 'Al', 'Morissette', 'willis89@example.net', '1-903-312-6659', '2016-03-01 04:35:40', '2020-12-19 18:14:41');
INSERT INTO `users` (`id`, `first_name`, `last_name`, `email`, `phone`, `created_at`, `updated_at`) VALUES (2, 'Fidel', 'Hahn', 'sanford.monique@example.net', '901.407.4405', '2020-12-09 07:09:50', '2020-12-19 18:14:41');
INSERT INTO `users` (`id`, `first_name`, `last_name`, `email`, `phone`, `created_at`, `updated_at`) VALUES (3, 'Josh', 'Anderson', 'trevion.sauer@example.com', '+85(5)5198868456', '2016-08-31 07:49:51', '2020-12-19 18:14:41');
INSERT INTO `users` (`id`, `first_name`, `last_name`, `email`, `phone`, `created_at`, `updated_at`) VALUES (4, 'Raegan', 'Kulas', 'yost.mitchel@example.com', '445-089-8384x671', '2016-10-06 18:52:09', '2020-12-19 18:14:41');
INSERT INTO `users` (`id`, `first_name`, `last_name`, `email`, `phone`, `created_at`, `updated_at`) VALUES (5, 'Serenity', 'Trantow', 'elouise.collins@example.org', '1-610-392-1120', '2020-10-28 10:52:22', '2020-12-19 18:14:41');
INSERT INTO `users` (`id`, `first_name`, `last_name`, `email`, `phone`, `created_at`, `updated_at`) VALUES (6, 'Randal', 'Boyle', 'quitzon.laisha@example.net', '379-252-3682', '2012-08-21 02:19:30', '2020-12-19 18:14:41');
INSERT INTO `users` (`id`, `first_name`, `last_name`, `email`, `phone`, `created_at`, `updated_at`) VALUES (7, 'Jennifer', 'Effertz', 'yflatley@example.org', '227-033-6413x1506', '2017-08-02 14:42:13', '2020-12-19 18:14:41');
INSERT INTO `users` (`id`, `first_name`, `last_name`, `email`, `phone`, `created_at`, `updated_at`) VALUES (8, 'Donny', 'Kunde', 'vwill@example.com', '+29(6)5212530864', '2012-01-20 15:22:52', '2020-12-19 18:14:41');
INSERT INTO `users` (`id`, `first_name`, `last_name`, `email`, `phone`, `created_at`, `updated_at`) VALUES (9, 'Evelyn', 'Durgan', 'jillian.hayes@example.org', '1-800-605-5380', '2016-12-10 12:37:24', '2020-12-19 18:14:41');
INSERT INTO `users` (`id`, `first_name`, `last_name`, `email`, `phone`, `created_at`, `updated_at`) VALUES (10, 'Gia', 'Morar', 'oschoen@example.com', '1-953-844-3114x261', '2011-03-01 19:45:08', '2020-12-19 18:14:41');
INSERT INTO `users` (`id`, `first_name`, `last_name`, `email`, `phone`, `created_at`, `updated_at`) VALUES (11, 'Briana', 'Fahey', 'wintheiser.melany@example.net', '1-730-607-0634', '2015-11-10 20:04:15', '2020-12-19 18:14:41');
INSERT INTO `users` (`id`, `first_name`, `last_name`, `email`, `phone`, `created_at`, `updated_at`) VALUES (12, 'Elenora', 'Wolf', 'streich.lucius@example.net', '244-283-2790x0163', '2015-01-24 02:43:38', '2020-12-19 18:14:41');
INSERT INTO `users` (`id`, `first_name`, `last_name`, `email`, `phone`, `created_at`, `updated_at`) VALUES (13, 'Emmy', 'Dibbert', 'csenger@example.org', '+84(0)6092262166', '2015-06-20 08:00:12', '2020-12-19 18:14:41');
INSERT INTO `users` (`id`, `first_name`, `last_name`, `email`, `phone`, `created_at`, `updated_at`) VALUES (14, 'D\'angelo', 'Abshire', 'melvina57@example.com', '02251275323', '2013-03-19 08:44:02', '2020-12-19 18:14:41');
INSERT INTO `users` (`id`, `first_name`, `last_name`, `email`, `phone`, `created_at`, `updated_at`) VALUES (15, 'Yesenia', 'Hamill', 'eschneider@example.net', '07336555195', '2018-07-17 14:40:11', '2020-12-19 18:14:41');
INSERT INTO `users` (`id`, `first_name`, `last_name`, `email`, `phone`, `created_at`, `updated_at`) VALUES (16, 'Nella', 'Altenwerth', 'bchristiansen@example.com', '+57(0)2697574583', '2018-03-29 14:18:49', '2020-12-19 18:14:41');
INSERT INTO `users` (`id`, `first_name`, `last_name`, `email`, `phone`, `created_at`, `updated_at`) VALUES (17, 'Rafaela', 'Bartell', 'howe.gayle@example.com', '1-444-832-2077x81843', '2019-12-08 13:21:30', '2020-12-19 18:14:41');
INSERT INTO `users` (`id`, `first_name`, `last_name`, `email`, `phone`, `created_at`, `updated_at`) VALUES (18, 'Alvena', 'Sawayn', 'lesch.mayra@example.net', '1-194-463-4268x4368', '2019-12-01 20:34:39', '2020-12-19 18:14:41');
INSERT INTO `users` (`id`, `first_name`, `last_name`, `email`, `phone`, `created_at`, `updated_at`) VALUES (19, 'Paolo', 'Lesch', 'pearline34@example.org', '08190175880', '2019-05-27 15:29:38', '2020-12-19 18:14:41');
INSERT INTO `users` (`id`, `first_name`, `last_name`, `email`, `phone`, `created_at`, `updated_at`) VALUES (20, 'Justyn', 'Stark', 'ohaag@example.com', '+43(7)4114732221', '2020-09-27 19:19:11', '2020-12-19 18:14:41');
INSERT INTO `users` (`id`, `first_name`, `last_name`, `email`, `phone`, `created_at`, `updated_at`) VALUES (21, 'Magdalen', 'Pfannerstill', 'corwin.amina@example.org', '571.571.1148x50189', '2017-01-29 15:30:23', '2020-12-19 18:14:41');
INSERT INTO `users` (`id`, `first_name`, `last_name`, `email`, `phone`, `created_at`, `updated_at`) VALUES (22, 'Jasper', 'Macejkovic', 'susan.mohr@example.com', '04686303790', '2019-06-19 21:44:10', '2020-12-19 18:14:41');
INSERT INTO `users` (`id`, `first_name`, `last_name`, `email`, `phone`, `created_at`, `updated_at`) VALUES (23, 'Norma', 'Lakin', 'emmalee77@example.net', '(358)159-8177x86564', '2016-09-23 02:55:00', '2020-12-19 18:14:41');
INSERT INTO `users` (`id`, `first_name`, `last_name`, `email`, `phone`, `created_at`, `updated_at`) VALUES (24, 'Kevin', 'Durgan', 'myriam11@example.com', '+84(7)6608229156', '2015-05-09 14:11:27', '2020-12-19 18:14:41');
INSERT INTO `users` (`id`, `first_name`, `last_name`, `email`, `phone`, `created_at`, `updated_at`) VALUES (25, 'Linnie', 'Padberg', 'kspencer@example.net', '+00(4)4979346656', '2018-05-11 08:26:51', '2020-12-19 18:14:41');
INSERT INTO `users` (`id`, `first_name`, `last_name`, `email`, `phone`, `created_at`, `updated_at`) VALUES (26, 'Dayne', 'Keebler', 'dicki.deontae@example.net', '+64(4)8278897564', '2013-05-24 00:45:40', '2020-12-19 18:14:41');
INSERT INTO `users` (`id`, `first_name`, `last_name`, `email`, `phone`, `created_at`, `updated_at`) VALUES (27, 'Aurelie', 'Quigley', 'dkemmer@example.org', '(047)327-0369', '2011-10-29 01:53:31', '2020-12-19 18:14:41');
INSERT INTO `users` (`id`, `first_name`, `last_name`, `email`, `phone`, `created_at`, `updated_at`) VALUES (28, 'Gretchen', 'White', 'danika.streich@example.org', '(540)639-5830', '2012-06-10 17:19:24', '2020-12-19 18:14:41');
INSERT INTO `users` (`id`, `first_name`, `last_name`, `email`, `phone`, `created_at`, `updated_at`) VALUES (29, 'Alden', 'Kutch', 'jhilll@example.com', '1-819-217-0768', '2015-12-24 14:55:10', '2020-12-19 18:14:41');
INSERT INTO `users` (`id`, `first_name`, `last_name`, `email`, `phone`, `created_at`, `updated_at`) VALUES (30, 'Felicita', 'Bailey', 'bosco.madisyn@example.com', '327-939-9221x95008', '2016-05-07 21:02:50', '2020-12-19 18:14:41');
INSERT INTO `users` (`id`, `first_name`, `last_name`, `email`, `phone`, `created_at`, `updated_at`) VALUES (31, 'Amalia', 'Hessel', 'xbaumbach@example.net', '+50(7)2467046639', '2018-07-24 23:27:52', '2020-12-19 18:14:41');
INSERT INTO `users` (`id`, `first_name`, `last_name`, `email`, `phone`, `created_at`, `updated_at`) VALUES (32, 'Candelario', 'Ullrich', 'mitchel.crist@example.org', '1-517-837-7007', '2016-07-08 08:07:13', '2020-12-19 18:14:41');
INSERT INTO `users` (`id`, `first_name`, `last_name`, `email`, `phone`, `created_at`, `updated_at`) VALUES (33, 'Kelsi', 'Jones', 'aiyana40@example.com', '+79(0)3421278797', '2014-07-15 05:40:46', '2020-12-19 18:14:41');
INSERT INTO `users` (`id`, `first_name`, `last_name`, `email`, `phone`, `created_at`, `updated_at`) VALUES (34, 'Marcelino', 'Olson', 'nnicolas@example.net', '1-315-431-8859x921', '2014-07-01 06:47:00', '2020-12-19 18:14:41');
INSERT INTO `users` (`id`, `first_name`, `last_name`, `email`, `phone`, `created_at`, `updated_at`) VALUES (35, 'Soledad', 'Wisoky', 'jeffertz@example.org', '(876)543-6461', '2017-03-14 08:41:19', '2020-12-19 18:14:41');
INSERT INTO `users` (`id`, `first_name`, `last_name`, `email`, `phone`, `created_at`, `updated_at`) VALUES (36, 'Loraine', 'Pfeffer', 'bechtelar.lavina@example.net', '07803512898', '2012-11-07 02:24:04', '2020-12-19 18:14:41');
INSERT INTO `users` (`id`, `first_name`, `last_name`, `email`, `phone`, `created_at`, `updated_at`) VALUES (37, 'Van', 'Kohler', 'leuschke.danny@example.com', '091.967.8078', '2013-02-19 21:00:08', '2020-12-19 18:14:41');
INSERT INTO `users` (`id`, `first_name`, `last_name`, `email`, `phone`, `created_at`, `updated_at`) VALUES (38, 'Vickie', 'Ondricka', 'deon.little@example.org', '(839)915-9992x60693', '2014-08-06 00:20:00', '2020-12-19 18:14:41');
INSERT INTO `users` (`id`, `first_name`, `last_name`, `email`, `phone`, `created_at`, `updated_at`) VALUES (39, 'Jamison', 'Eichmann', 'amaya.beier@example.org', '1-430-495-9615x8716', '2016-03-14 23:27:39', '2020-12-19 18:14:41');
INSERT INTO `users` (`id`, `first_name`, `last_name`, `email`, `phone`, `created_at`, `updated_at`) VALUES (40, 'Lenore', 'Kilback', 'shettinger@example.com', '(909)361-8539x6953', '2018-02-02 02:52:15', '2020-12-19 18:14:41');
INSERT INTO `users` (`id`, `first_name`, `last_name`, `email`, `phone`, `created_at`, `updated_at`) VALUES (41, 'Elnora', 'Smitham', 'mario.flatley@example.com', '1-593-819-8548x772', '2018-09-16 17:43:51', '2020-12-19 18:14:41');
INSERT INTO `users` (`id`, `first_name`, `last_name`, `email`, `phone`, `created_at`, `updated_at`) VALUES (42, 'Orlo', 'Kunde', 'dvon@example.net', '1-473-142-3857x5893', '2014-08-25 22:50:16', '2020-12-19 18:14:41');
INSERT INTO `users` (`id`, `first_name`, `last_name`, `email`, `phone`, `created_at`, `updated_at`) VALUES (43, 'Darian', 'Gulgowski', 'rempel.everardo@example.com', '192.344.9561', '2017-11-13 15:07:53', '2020-12-19 18:14:41');
INSERT INTO `users` (`id`, `first_name`, `last_name`, `email`, `phone`, `created_at`, `updated_at`) VALUES (44, 'Barbara', 'Schinner', 'fisher.mervin@example.com', '1-877-859-2063x2019', '2014-02-10 22:43:25', '2020-12-19 18:14:41');
INSERT INTO `users` (`id`, `first_name`, `last_name`, `email`, `phone`, `created_at`, `updated_at`) VALUES (45, 'Alexandra', 'Sipes', 'eda.tillman@example.org', '+23(1)6501538667', '2019-01-02 02:47:15', '2020-12-19 18:14:41');
INSERT INTO `users` (`id`, `first_name`, `last_name`, `email`, `phone`, `created_at`, `updated_at`) VALUES (46, 'Maria', 'Lang', 'renee.batz@example.com', '1-053-982-2176x541', '2014-08-25 14:57:34', '2020-12-19 18:14:41');
INSERT INTO `users` (`id`, `first_name`, `last_name`, `email`, `phone`, `created_at`, `updated_at`) VALUES (47, 'Vida', 'Feil', 'price.laurence@example.net', '834.430.7626', '2020-06-03 13:12:57', '2020-12-19 18:14:41');
INSERT INTO `users` (`id`, `first_name`, `last_name`, `email`, `phone`, `created_at`, `updated_at`) VALUES (48, 'Eleanore', 'Botsford', 'kiara49@example.net', '496.933.3362x59457', '2020-04-07 05:52:18', '2020-12-19 18:14:41');
INSERT INTO `users` (`id`, `first_name`, `last_name`, `email`, `phone`, `created_at`, `updated_at`) VALUES (49, 'Helga', 'Russel', 'earnest.labadie@example.net', '313-567-9933x575', '2011-01-24 22:21:11', '2020-12-19 18:14:41');
INSERT INTO `users` (`id`, `first_name`, `last_name`, `email`, `phone`, `created_at`, `updated_at`) VALUES (50, 'Jarret', 'Crona', 'xreinger@example.net', '209-854-7909x2629', '2015-04-06 01:15:30', '2020-12-19 18:14:41');
INSERT INTO `users` (`id`, `first_name`, `last_name`, `email`, `phone`, `created_at`, `updated_at`) VALUES (51, 'Cristopher', 'Corkery', 'qmcglynn@example.net', '1-993-437-7325', '2015-12-08 01:13:38', '2020-12-19 18:14:41');
INSERT INTO `users` (`id`, `first_name`, `last_name`, `email`, `phone`, `created_at`, `updated_at`) VALUES (52, 'Summer', 'Goyette', 'asa.huels@example.net', '227.922.5905x924', '2012-10-24 09:06:06', '2020-12-19 18:14:41');
INSERT INTO `users` (`id`, `first_name`, `last_name`, `email`, `phone`, `created_at`, `updated_at`) VALUES (53, 'Eugenia', 'Will', 'walter10@example.com', '03436860175', '2016-08-31 13:34:02', '2020-12-19 18:14:41');
INSERT INTO `users` (`id`, `first_name`, `last_name`, `email`, `phone`, `created_at`, `updated_at`) VALUES (54, 'Anna', 'Hammes', 'oswaldo.lynch@example.org', '285-574-7012', '2017-05-02 20:51:42', '2020-12-19 18:14:41');
INSERT INTO `users` (`id`, `first_name`, `last_name`, `email`, `phone`, `created_at`, `updated_at`) VALUES (55, 'Wava', 'Schultz', 'bashirian.lacy@example.com', '785-075-5245x85626', '2019-05-06 07:33:41', '2020-12-19 18:14:41');
INSERT INTO `users` (`id`, `first_name`, `last_name`, `email`, `phone`, `created_at`, `updated_at`) VALUES (56, 'Estevan', 'Haag', 'heathcote.ismael@example.org', '(590)071-1338x2816', '2016-07-29 05:23:55', '2020-12-19 18:14:41');
INSERT INTO `users` (`id`, `first_name`, `last_name`, `email`, `phone`, `created_at`, `updated_at`) VALUES (57, 'Herta', 'Tremblay', 'nwehner@example.net', '+74(7)1226524984', '2019-04-08 23:33:22', '2020-12-19 18:14:41');
INSERT INTO `users` (`id`, `first_name`, `last_name`, `email`, `phone`, `created_at`, `updated_at`) VALUES (58, 'Ron', 'Hammes', 'ludie.dubuque@example.com', '679-315-3865', '2016-01-22 07:06:14', '2020-12-19 18:14:41');
INSERT INTO `users` (`id`, `first_name`, `last_name`, `email`, `phone`, `created_at`, `updated_at`) VALUES (59, 'Orie', 'Ryan', 'david.swaniawski@example.org', '+27(5)9275482806', '2018-06-04 18:14:08', '2020-12-19 18:14:41');
INSERT INTO `users` (`id`, `first_name`, `last_name`, `email`, `phone`, `created_at`, `updated_at`) VALUES (60, 'Lennie', 'Blick', 'dena36@example.net', '(613)516-5863x182', '2013-04-18 01:18:01', '2020-12-19 18:14:41');
INSERT INTO `users` (`id`, `first_name`, `last_name`, `email`, `phone`, `created_at`, `updated_at`) VALUES (61, 'Dedric', 'Stehr', 'laura.lubowitz@example.com', '659.100.1465x55201', '2016-09-24 10:17:30', '2020-12-19 18:14:41');
INSERT INTO `users` (`id`, `first_name`, `last_name`, `email`, `phone`, `created_at`, `updated_at`) VALUES (62, 'Halie', 'Hackett', 'jayden.boyle@example.net', '092-284-0651x86604', '2013-02-11 18:53:33', '2020-12-19 18:14:41');
INSERT INTO `users` (`id`, `first_name`, `last_name`, `email`, `phone`, `created_at`, `updated_at`) VALUES (63, 'Heidi', 'Harris', 'cristina.hills@example.net', '01695951254', '2014-05-06 14:42:34', '2020-12-19 18:14:41');
INSERT INTO `users` (`id`, `first_name`, `last_name`, `email`, `phone`, `created_at`, `updated_at`) VALUES (64, 'Tia', 'Lubowitz', 'beatty.sven@example.net', '(803)901-8015', '2012-09-11 11:43:04', '2020-12-19 18:14:41');
INSERT INTO `users` (`id`, `first_name`, `last_name`, `email`, `phone`, `created_at`, `updated_at`) VALUES (65, 'Haven', 'Rippin', 'qdeckow@example.com', '857.361.4972', '2015-09-04 02:22:38', '2020-12-19 18:14:41');
INSERT INTO `users` (`id`, `first_name`, `last_name`, `email`, `phone`, `created_at`, `updated_at`) VALUES (66, 'Tyrese', 'Bruen', 'ltrantow@example.net', '1-763-749-0881', '2011-08-29 20:31:48', '2020-12-19 18:14:41');
INSERT INTO `users` (`id`, `first_name`, `last_name`, `email`, `phone`, `created_at`, `updated_at`) VALUES (67, 'Nayeli', 'Fritsch', 'taya95@example.com', '227-889-9769', '2011-10-29 11:28:07', '2020-12-19 18:14:41');
INSERT INTO `users` (`id`, `first_name`, `last_name`, `email`, `phone`, `created_at`, `updated_at`) VALUES (68, 'Marques', 'Schowalter', 'dbeatty@example.com', '538.076.3472x90755', '2019-11-06 20:31:22', '2020-12-19 18:14:41');
INSERT INTO `users` (`id`, `first_name`, `last_name`, `email`, `phone`, `created_at`, `updated_at`) VALUES (69, 'Eloisa', 'Koch', 'rrosenbaum@example.com', '(642)420-7659', '2013-02-21 23:54:00', '2020-12-19 18:14:41');
INSERT INTO `users` (`id`, `first_name`, `last_name`, `email`, `phone`, `created_at`, `updated_at`) VALUES (70, 'Hazle', 'Hoeger', 'swift.jairo@example.org', '219.209.6629', '2016-01-03 04:10:34', '2020-12-19 18:14:41');
INSERT INTO `users` (`id`, `first_name`, `last_name`, `email`, `phone`, `created_at`, `updated_at`) VALUES (71, 'Quinton', 'Kuhic', 'runolfsson.ike@example.org', '00787727300', '2018-07-21 11:53:56', '2020-12-19 18:14:41');
INSERT INTO `users` (`id`, `first_name`, `last_name`, `email`, `phone`, `created_at`, `updated_at`) VALUES (72, 'Tyler', 'Jacobs', 'raymundo39@example.net', '1-596-623-4526x02850', '2013-08-14 06:47:57', '2020-12-19 18:14:41');
INSERT INTO `users` (`id`, `first_name`, `last_name`, `email`, `phone`, `created_at`, `updated_at`) VALUES (73, 'Elias', 'Johnson', 'hadams@example.com', '(752)739-6513x686', '2020-01-24 05:24:31', '2020-12-19 18:14:41');
INSERT INTO `users` (`id`, `first_name`, `last_name`, `email`, `phone`, `created_at`, `updated_at`) VALUES (74, 'Lilla', 'Goyette', 'rosalia16@example.com', '249-431-2493', '2013-04-23 03:20:36', '2020-12-19 18:14:41');
INSERT INTO `users` (`id`, `first_name`, `last_name`, `email`, `phone`, `created_at`, `updated_at`) VALUES (75, 'Brandon', 'Keebler', 'rice.trevor@example.net', '(017)619-3626', '2012-01-30 09:37:50', '2020-12-19 18:14:41');
INSERT INTO `users` (`id`, `first_name`, `last_name`, `email`, `phone`, `created_at`, `updated_at`) VALUES (76, 'Kevin', 'Breitenberg', 'kelvin47@example.com', '1-851-877-5630', '2013-06-10 08:17:00', '2020-12-19 18:14:41');
INSERT INTO `users` (`id`, `first_name`, `last_name`, `email`, `phone`, `created_at`, `updated_at`) VALUES (77, 'Shawna', 'Towne', 'abbigail.daugherty@example.org', '799.048.9707x2512', '2016-03-29 07:37:52', '2020-12-19 18:14:41');
INSERT INTO `users` (`id`, `first_name`, `last_name`, `email`, `phone`, `created_at`, `updated_at`) VALUES (78, 'Maxie', 'Veum', 'elody.bergnaum@example.com', '939-978-3947x5821', '2015-12-17 12:56:50', '2020-12-19 18:14:41');
INSERT INTO `users` (`id`, `first_name`, `last_name`, `email`, `phone`, `created_at`, `updated_at`) VALUES (79, 'Cornell', 'Yost', 'myron32@example.net', '924-343-7772x6426', '2016-08-13 12:13:55', '2020-12-19 18:14:41');
INSERT INTO `users` (`id`, `first_name`, `last_name`, `email`, `phone`, `created_at`, `updated_at`) VALUES (80, 'Lori', 'Frami', 'cloyd.schmidt@example.net', '317-508-6570', '2017-04-08 08:16:50', '2020-12-19 18:14:41');
INSERT INTO `users` (`id`, `first_name`, `last_name`, `email`, `phone`, `created_at`, `updated_at`) VALUES (81, 'Amber', 'Robel', 'jenkins.leonora@example.com', '1-540-765-3048', '2014-12-19 14:46:24', '2020-12-19 18:14:41');
INSERT INTO `users` (`id`, `first_name`, `last_name`, `email`, `phone`, `created_at`, `updated_at`) VALUES (82, 'Jay', 'Boyer', 'carroll73@example.com', '935-040-5266x4463', '2012-03-25 19:06:22', '2020-12-19 18:14:41');
INSERT INTO `users` (`id`, `first_name`, `last_name`, `email`, `phone`, `created_at`, `updated_at`) VALUES (83, 'Frederic', 'Cronin', 'eking@example.org', '1-211-205-8323x743', '2012-08-31 16:15:11', '2020-12-19 18:14:41');
INSERT INTO `users` (`id`, `first_name`, `last_name`, `email`, `phone`, `created_at`, `updated_at`) VALUES (84, 'Rae', 'Gaylord', 'goodwin.aliza@example.com', '(193)535-3443x607', '2018-08-13 21:23:52', '2020-12-19 18:14:41');
INSERT INTO `users` (`id`, `first_name`, `last_name`, `email`, `phone`, `created_at`, `updated_at`) VALUES (85, 'Armani', 'Botsford', 'ddickens@example.net', '+09(5)1948582920', '2011-03-11 16:14:51', '2020-12-19 18:14:41');
INSERT INTO `users` (`id`, `first_name`, `last_name`, `email`, `phone`, `created_at`, `updated_at`) VALUES (86, 'Noah', 'Leannon', 'nankunding@example.com', '648-611-4683x105', '2013-08-06 15:52:35', '2020-12-19 18:14:41');
INSERT INTO `users` (`id`, `first_name`, `last_name`, `email`, `phone`, `created_at`, `updated_at`) VALUES (87, 'Trycia', 'Sawayn', 'rbecker@example.net', '105.891.1412', '2017-07-05 20:58:57', '2020-12-19 18:14:41');
INSERT INTO `users` (`id`, `first_name`, `last_name`, `email`, `phone`, `created_at`, `updated_at`) VALUES (88, 'Selena', 'Heller', 'kihn.vaughn@example.net', '419.170.2370x394', '2019-09-01 15:39:03', '2020-12-19 18:14:41');
INSERT INTO `users` (`id`, `first_name`, `last_name`, `email`, `phone`, `created_at`, `updated_at`) VALUES (89, 'Olin', 'Jenkins', 'geovanni.kunze@example.org', '1-435-275-4329x48590', '2014-02-01 13:45:09', '2020-12-19 18:14:41');
INSERT INTO `users` (`id`, `first_name`, `last_name`, `email`, `phone`, `created_at`, `updated_at`) VALUES (90, 'Daija', 'Sauer', 'jerrod.rowe@example.net', '061.300.9655', '2020-11-02 06:15:01', '2020-12-19 18:14:41');
INSERT INTO `users` (`id`, `first_name`, `last_name`, `email`, `phone`, `created_at`, `updated_at`) VALUES (91, 'Rosa', 'Reynolds', 'nikki.fadel@example.org', '1-227-212-2296x670', '2011-07-26 22:25:52', '2020-12-19 18:14:41');
INSERT INTO `users` (`id`, `first_name`, `last_name`, `email`, `phone`, `created_at`, `updated_at`) VALUES (92, 'Shawna', 'Kozey', 'felipa95@example.com', '+29(9)6532755773', '2017-11-19 04:20:46', '2020-12-19 18:14:41');
INSERT INTO `users` (`id`, `first_name`, `last_name`, `email`, `phone`, `created_at`, `updated_at`) VALUES (93, 'Maximillia', 'Daugherty', 'ervin74@example.net', '622.602.1452x09378', '2014-06-06 08:16:49', '2020-12-19 18:14:41');
INSERT INTO `users` (`id`, `first_name`, `last_name`, `email`, `phone`, `created_at`, `updated_at`) VALUES (94, 'Alexa', 'Brown', 'deontae.jones@example.org', '1-460-390-9666x897', '2011-02-02 02:46:57', '2020-12-19 18:14:41');
INSERT INTO `users` (`id`, `first_name`, `last_name`, `email`, `phone`, `created_at`, `updated_at`) VALUES (95, 'Mack', 'Orn', 'gusikowski.tyler@example.com', '+54(0)2229750427', '2017-10-13 17:07:59', '2020-12-19 18:14:41');
INSERT INTO `users` (`id`, `first_name`, `last_name`, `email`, `phone`, `created_at`, `updated_at`) VALUES (96, 'Keshawn', 'Aufderhar', 'leannon.colin@example.com', '568.534.7610', '2017-08-13 09:37:13', '2020-12-19 18:14:41');
INSERT INTO `users` (`id`, `first_name`, `last_name`, `email`, `phone`, `created_at`, `updated_at`) VALUES (97, 'Princess', 'Hackett', 'vilma.russel@example.com', '982-871-8288x438', '2020-08-05 11:58:12', '2020-12-19 18:14:41');
INSERT INTO `users` (`id`, `first_name`, `last_name`, `email`, `phone`, `created_at`, `updated_at`) VALUES (98, 'Hilario', 'McGlynn', 'mertz.morris@example.org', '918.334.1688', '2011-10-24 02:33:48', '2020-12-19 18:14:41');
INSERT INTO `users` (`id`, `first_name`, `last_name`, `email`, `phone`, `created_at`, `updated_at`) VALUES (99, 'Maritza', 'Dare', 'myrtis72@example.org', '(776)129-4904x1863', '2014-11-04 22:54:55', '2020-12-19 18:14:41');
INSERT INTO `users` (`id`, `first_name`, `last_name`, `email`, `phone`, `created_at`, `updated_at`) VALUES (100, 'Alexis', 'Hackett', 'urenner@example.org', '453.304.5383x0609', '2016-08-05 21:43:33', '2020-12-19 18:14:41');


